country_name,year,num_outbreaks,diseases_list,total_confirmed_cases,total_outbreak_deaths,avg_cfr,iso3,total_vaccinations,people_fully_vaccinated,total_boosters,vaccinations_per_hundred,fully_vaccinated_per_hundred,max_daily_vaccinations,who_alerts,who_diseases,who_total_cases,who_total_deaths,who_avg_cfr,who_high_risk_alerts
Afghanistan,2021.0,,,,,,AFG,4674518.0,3753224.0,,11.37,9.13,70761.0,,,,,,
Afghanistan,2022.0,,,,,,AFG,12449870.0,10754839.0,,30.27,26.15,190328.0,,,,,,
Afghanistan,2023.0,,,,,,AFG,22964750.0,18370386.0,2729940.0,55.84,44.67,218908.0,,,,,,
Africa,2021.0,,,,,,OWID_AFR,303508220.0,124750456.0,892142.0,21.27,8.74,2451504.0,,,,,,
Africa,2022.0,,,,,,OWID_AFR,734312749.0,391961151.0,62807705.0,51.47,27.47,4180515.0,,,,,,
Africa,2023.0,,,,,,OWID_AFR,863237900.0,462411423.0,97944965.0,60.5,32.41,1095257.0,,,,,,
Albania,2021.0,,,,,,ALB,2316606.0,1031132.0,143988.0,81.5,36.28,17565.0,,,,,,
Albania,2022.0,,,,,,ALB,3025728.0,1270016.0,377057.0,106.45,44.68,16639.0,,,,,,
Albania,2023.0,,,,,,ALB,3088966.0,1279333.0,402371.0,108.68,45.01,663.0,,,,,,
Algeria,2013.0,1.0,MERS,2.0,1.0,50.0,,,,,,,,,,,,,
Algeria,2021.0,,,,,,DZA,12545356.0,5609040.0,25381.0,27.94,12.49,256927.0,,,,,,
Algeria,2022.0,,,,,,DZA,15267442.0,6481186.0,575651.0,34.0,14.43,204830.0,,,,,,
Americas (multiple),2013.0,1.0,Chikungunya,1700000.0,300.0,,,,,,,,,,,,,,
Andorra,2021.0,,,,,,AND,117246.0,51392.0,8769.0,146.85,64.37,1762.0,,,,,,
Andorra,2022.0,,,,,,AND,156242.0,53489.0,43020.0,195.69,66.99,1266.0,,,,,,
Andorra,2023.0,,,,,,AND,157072.0,53501.0,43071.0,196.73,67.01,12.0,,,,,,
Angola,2004.0,1.0,Marburg Virus Disease,252.0,227.0,90.0,,,,,,,,,,,,,
Angola,2006.0,1.0,Cholera,67000.0,2700.0,4.0,,,,,,,,,,,,,
Angola,2015.0,1.0,Yellow Fever,4306.0,376.0,8.7,,,,,,,,,,,,,
Angola,2021.0,,,,,,AGO,11615144.0,3929727.0,,32.64,11.04,183173.0,,,,,,
Angola,2022.0,,,,,,AGO,23701049.0,8253873.0,1457126.0,66.6,23.19,144266.0,,,,,,
Angola,2023.0,,,,,,AGO,27819132.0,9609080.0,3067091.0,78.17,27.0,46854.0,,,,,,
Anguilla,2021.0,,,,,,AIA,20284.0,9223.0,982.0,127.76,58.09,331.0,,,,,,
Anguilla,2022.0,,,,,,AIA,24441.0,10373.0,2998.0,153.94,65.33,38.0,,,,,,
Anguilla,2023.0,,,,,,AIA,24604.0,10380.0,3309.0,154.97,65.38,5.0,,,,,,
Antigua and Barbuda,2021.0,,,,,,ATG,121146.0,58863.0,,129.19,62.77,1278.0,,,,,,
Antigua and Barbuda,2022.0,,,,,,ATG,136512.0,62384.0,9838.0,145.58,66.53,201.0,,,,,,
Argentina,2009.0,1.0,H1N1 Influenza Pandemic,11458.0,626.0,5.46,,,,,,,,,,,,,
Argentina,2020.0,1.0,COVID-19,1614000.0,43200.0,2.7,ARG,43403.0,7.0,1.0,0.1,0.0,20102.0,,,,,,
Argentina,2021.0,,,,,,ARG,78305677.0,30780137.0,6183044.0,172.06,67.63,391365.0,,,,,,
Argentina,2022.0,,,,,,ARG,112937078.0,34804669.0,33885003.0,248.16,76.48,453344.0,,,,,,
Argentina,2023.0,,,,,,ARG,116717853.0,34900613.0,37459362.0,256.46,76.69,77963.0,,,,,,
Argentina,2024.0,,,,,,ARG,116978521.0,34900613.0,37713094.0,257.04,76.69,16962.0,,,,,,
Armenia,2021.0,,,,,,ARM,1626738.0,692082.0,628.0,58.51,24.89,17910.0,,,,,,
Armenia,2022.0,,,,,,ARM,2150112.0,985807.0,40725.0,77.33,35.45,10318.0,,,,,,
Armenia,2023.0,,,,,,ARM,2256919.0,1030758.0,81354.0,81.17,37.07,3331.0,,,,,,
Aruba,2021.0,,,,,,ABW,163759.0,79008.0,,153.82,74.21,2679.0,,,,,,
Aruba,2022.0,,,,,,ABW,174138.0,83989.0,,163.57,78.89,191.0,,,,,,
Aruba,2023.0,,,,,,ABW,174898.0,84363.0,,164.29,79.24,8.0,,,,,,
Aruba,2024.0,,,,,,ABW,174914.0,84368.0,,164.3,79.25,1.0,,,,,,
Asia,2020.0,,,,,,OWID_ASI,5560598.0,52.0,,0.12,0.0,304121.0,,,,,,
Asia,2021.0,,,,,,OWID_ASI,6219606731.0,2649548809.0,207408834.0,131.73,56.12,33844798.0,,,,,,
Asia,2022.0,,,,,,OWID_ASI,8900760780.0,3404734852.0,1740355005.0,188.52,72.11,26050685.0,,,,,,
Asia,2023.0,,,,,,OWID_ASI,9104019614.0,3462082088.0,1814929107.0,192.83,73.33,3032064.0,,,,,,
Asia,2024.0,,,,,,OWID_ASI,9104304615.0,3462095463.0,1815176944.0,192.83,73.33,7569.0,,,,,,
Australia,2003.0,1.0,SARS,6.0,0.0,0.0,,,,,,,,,,,,,
Australia,2009.0,1.0,H1N1 Influenza Pandemic,37484.0,187.0,0.5,,,,,,,,,,,,,
Australia,2020.0,1.0,COVID-19,28500.0,909.0,3.2,,,,,,,,,,,,,
Australia,2021.0,,,,,,AUS,42580539.0,19755837.0,2380356.0,162.66,75.47,295848.0,,,,,,
Australia,2022.0,,,,,,AUS,63583562.0,21647523.0,19691609.0,242.89,82.7,283921.0,,,,,,
Australia,2023.0,,,,,,AUS,69686752.0,,19790466.0,266.21,,36214.0,,,,,,
Austria,2020.0,1.0,COVID-19,370000.0,6300.0,1.7,,,,,,,,,,,,,
Austria,2021.0,,,,,,AUT,16677400.0,6315016.0,3992833.0,186.56,70.64,113669.0,,,,,,
Austria,2022.0,,,,,,AUT,20351827.0,6680653.0,5398800.0,227.66,74.73,48254.0,,,,,,
Austria,2023.0,,,,,,AUT,20468731.0,6683263.0,5405966.0,228.97,74.76,2717.0,,,,,,
Azerbaijan,2006.0,1.0,H5N1 Avian Influenza,8.0,5.0,62.5,,,,,,,,,,,,,
Azerbaijan,2021.0,,,,,,AZE,11346166.0,4676520.0,1500264.0,109.54,45.15,85991.0,,,,,,
Azerbaijan,2022.0,,,,,,AZE,13857111.0,4862494.0,3362453.0,133.78,46.94,52993.0,,,,,,
Bahamas,2021.0,,,,,,BHS,300214.0,147365.0,6954.0,73.22,35.94,3473.0,,,,,,
Bahamas,2022.0,,,,,,BHS,364701.0,165633.0,36670.0,88.95,40.4,957.0,,,,,,
Bahamas,2023.0,,,,,,BHS,366359.0,166972.0,36965.0,89.36,40.73,13.0,,,,,,
Bahrain,2020.0,,,,,,BHR,58643.0,,,3.98,,11106.0,,,,,,
Bahrain,2021.0,,,,,,BHR,3226201.0,1177993.0,845062.0,219.14,80.01,22003.0,,,,,,
Bahrain,2022.0,,,,,,BHR,3476633.0,1226796.0,1008663.0,236.15,83.33,8063.0,,,,,,
Bangladesh,2001.0,1.0,Nipah Virus,341.0,241.0,71.0,,,,,,,,,,,,,
Bangladesh,2008.0,1.0,H5N1 Avian Influenza,8.0,1.0,12.5,,,,,,,,,,,,,
Bangladesh,2019.0,1.0,Dengue,101354.0,164.0,0.16,,,,,,,,,,,,,
Bangladesh,2020.0,1.0,COVID-19,521000.0,7800.0,1.5,,,,,,,,,,,,,
Bangladesh,2021.0,,,,,,BGD,106575146.0,40739751.0,,62.26,23.8,1504836.0,,,,,,
Bangladesh,2022.0,,,,,,BGD,334842984.0,125670627.0,60611619.0,195.6,73.41,3758404.0,,,,,,
Bangladesh,2023.0,,,,,,BGD,361674660.0,142193280.0,68558519.0,211.28,83.06,1054122.0,,,,,,
Bangladesh,2024.0,,,,,,BGD,361742554.0,142201684.0,68615250.0,211.32,83.07,2897.0,,,,,,
Barbados,2021.0,,,,,,BRB,299629.0,143677.0,,106.38,51.01,4526.0,,,,,,
Barbados,2022.0,,,,,,BRB,380980.0,154990.0,62170.0,135.27,55.03,5597.0,,,,,,
Barbados,2023.0,,,,,,BRB,384049.0,155047.0,62848.0,136.36,55.05,24.0,,,,,,
Belarus,2020.0,,,,,,BLR,0.0,,,0.0,,403.0,,,,,,
Belarus,2021.0,,,,,,BLR,7708200.0,3228165.0,114146.0,80.84,33.86,77113.0,,,,,,
Belarus,2022.0,,,,,,BLR,17358735.0,6332753.0,4612801.0,182.05,66.42,67398.0,,,,,,
Belarus,2023.0,,,,,,BLR,22511000.0,6414996.0,5720777.0,236.09,67.28,36327.0,,,,,,
Belgium,2020.0,1.0,COVID-19,646000.0,19500.0,3.0,BEL,926.0,1.0,,0.01,0.0,272.0,,,,,,
Belgium,2021.0,,,,,,BEL,21730351.0,8828993.0,4388262.0,186.43,75.75,155101.0,,,,,,
Belgium,2022.0,,,,,,BEL,29498086.0,9162420.0,11602245.0,253.07,78.61,118967.0,,,,,,
Belgium,2023.0,,,,,,BEL,31461345.0,9170819.0,13548731.0,269.92,78.68,55472.0,,,,,,
Belgium,2024.0,,,,,,BEL,31469387.0,9170945.0,13556521.0,269.99,78.68,368.0,,,,,,
Belize,2021.0,,,,,,BLZ,424634.0,199119.0,,104.77,49.13,4569.0,,,,,,
Belize,2022.0,,,,,,BLZ,501831.0,221248.0,51033.0,123.82,54.59,1244.0,,,,,,
Belize,2023.0,,,,,,BLZ,510717.0,221402.0,53198.0,126.01,54.63,400.0,,,,,,
Benin,2021.0,,,,,,BEN,1773592.0,1319264.0,,13.28,9.88,60281.0,,,,,,
Benin,2022.0,,,,,,BEN,4232541.0,2742837.0,,31.7,20.54,22068.0,,,,,,
Bermuda,2021.0,,,,,,BMU,112695.0,45213.0,20267.0,175.52,70.42,1224.0,,,,,,
Bermuda,2022.0,,,,,,BMU,132042.0,47657.0,35831.0,205.65,74.22,546.0,,,,,,
Bhutan,2021.0,,,,,,BTN,1154843.0,565081.0,,147.59,72.22,91636.0,,,,,,
Bhutan,2022.0,,,,,,BTN,2011426.0,677669.0,634641.0,257.07,86.61,33832.0,,,,,,
Bolivia,2021.0,,,,,,BOL,9792844.0,4593214.0,548041.0,80.11,37.58,80071.0,,,,,,
Bolivia,2022.0,,,,,,BOL,14690530.0,6160585.0,2167589.0,120.18,50.4,107780.0,,,,,,
Bonaire Sint Eustatius and Saba,2021.0,,,,,,BES,35845.0,16736.0,,132.5,61.87,196.0,,,,,,
Bosnia and Herzegovina,2021.0,,,,,,BIH,1553874.0,720631.0,22572.0,48.06,22.29,17247.0,,,,,,
Bosnia and Herzegovina,2022.0,,,,,,BIH,1924950.0,846080.0,120530.0,59.53,26.17,4315.0,,,,,,
Botswana,2021.0,,,,,,BWA,1128095.0,1033971.0,,42.89,39.31,15933.0,,,,,,
Botswana,2022.0,,,,,,BWA,3121142.0,1426050.0,499421.0,118.66,54.22,56751.0,,,,,,
Botswana,2023.0,,,,,,BWA,3171667.0,1663490.0,510809.0,120.58,63.24,1444.0,,,,,,
Brazil,2002.0,1.0,Dengue,794000.0,150.0,0.02,,,,,,,,,,,,,
Brazil,2008.0,1.0,Dengue,735000.0,500.0,0.07,,,,,,,,,,,,,
Brazil,2009.0,1.0,H1N1 Influenza Pandemic,58178.0,2135.0,3.67,,,,,,,,,,,,,
Brazil,2010.0,1.0,Dengue,1011548.0,656.0,0.06,,,,,,,,,,,,,
Brazil,2013.0,1.0,Dengue,1470000.0,545.0,0.04,,,,,,,,,,,,,
Brazil,2015.0,2.0,"Zika Virus,Dengue",2090000.0,874.0,0.05,,,,,,,,,,,,,
Brazil,2016.0,1.0,Yellow Fever,2154.0,745.0,34.6,,,,,,,,,,,,,
Brazil,2019.0,1.0,Dengue,2240000.0,780.0,0.03,,,,,,,,,,,,,
Brazil,2020.0,1.0,COVID-19,7675000.0,194900.0,2.5,,,,,,,,,,,,,
Brazil,2021.0,,,,,,BRA,331273910.0,143436012.0,26571077.0,153.86,66.62,1941268.0,,,,,,
Brazil,2022.0,,,,,,BRA,480333910.0,174887915.0,122629436.0,223.09,81.22,1780427.0,,,,,,
Brazil,2023.0,,,,,,BRA,486436436.0,176164186.0,126388587.0,225.92,81.82,283507.0,,,,,,
British Virgin Islands,2021.0,,,,,,VGB,35799.0,17005.0,,114.26,54.27,343.0,,,,,,
British Virgin Islands,2022.0,,,,,,VGB,41453.0,18261.0,3726.0,132.3,58.28,265.0,,,,,,
Brunei,2021.0,,,,,,BRN,898401.0,400691.0,,200.09,89.24,7901.0,,,,,,
Brunei,2022.0,,,,,,BRN,1283392.0,445929.0,338987.0,285.83,99.32,5941.0,,,,,,
Brunei,2023.0,,,,,,BRN,1293100.0,446714.0,340466.0,287.99,99.49,226.0,,,,,,
Bulgaria,2020.0,,,,,,BGR,4608.0,,,0.07,,2889.0,,,,,,
Bulgaria,2021.0,,,,,,BGR,3700660.0,1914910.0,275053.0,54.57,28.24,27038.0,,,,,,
Bulgaria,2022.0,,,,,,BGR,4603029.0,2074810.0,768430.0,67.87,30.59,24996.0,,,,,,
Bulgaria,2023.0,,,,,,BGR,4724199.0,2077996.0,,69.66,30.64,3294.0,,,,,,
Bulgaria,2024.0,,,,,,BGR,4726614.0,2078006.0,,69.69,30.64,80.0,,,,,,
Burkina Faso,2021.0,,,,,,BFA,1053330.0,649320.0,,4.65,2.86,39484.0,,,,,,
Burkina Faso,2022.0,,,,,,BFA,5117982.0,3335753.0,,22.57,14.71,38038.0,,,,,,
Burkina Faso,2023.0,,,,,,BFA,7893609.0,5232347.0,4056.0,34.81,23.08,29215.0,,,,,,
Burundi,2021.0,,,,,,BDI,7543.0,3533.0,,0.06,0.03,410.0,,,,,,
Burundi,2022.0,,,,,,BDI,30480.0,27957.0,283.0,0.24,0.22,190.0,,,,,,
Burundi,2023.0,,,,,,BDI,42252.0,36321.0,314.0,0.33,0.28,252.0,,,,,,
Cabo Verde,2015.0,1.0,Zika Virus,7580.0,0.0,0.0,,,,,,,,,,,,,
Cambodia,2005.0,1.0,H5N1 Avian Influenza,56.0,37.0,66.1,,,,,,,,,,,,,
Cambodia,2021.0,,,,,,KHM,30456720.0,13659518.0,3588183.0,181.64,81.46,289014.0,,,,,,
Cambodia,2022.0,,,,,,KHM,45217130.0,14607080.0,10424952.0,269.67,87.11,593431.0,,,,,,
Cambodia,2023.0,,,,,,KHM,47826645.0,14693274.0,10782710.0,285.23,87.63,29246.0,,,,,,
Cambodia,2024.0,,,,,,,,,,,,,1.0,Avian Influenza A (H5N1),0.0,0.0,,1.0
Cameroon,2010.0,1.0,Cholera,7822.0,518.0,6.6,,,,,,,,,,,,,
Cameroon,2021.0,,,,,,CMR,1020007.0,659641.0,,3.65,2.36,47269.0,,,,,,
Cameroon,2022.0,,,,,,CMR,4003595.0,2729600.0,454680.0,14.34,9.78,232219.0,,,,,,
Cameroon,2023.0,,,,,,CMR,4880572.0,3197286.0,803560.0,17.48,11.45,12860.0,,,,,,
Canada,2003.0,1.0,SARS,251.0,43.0,17.1,,,,,,,,,,,,,
Canada,2009.0,1.0,H1N1 Influenza Pandemic,25828.0,429.0,1.66,,,,,,,,,,,,,
Canada,2020.0,1.0,COVID-19,582000.0,15600.0,2.7,CAN,96170.0,2.0,,0.25,0.0,7200.0,,,,,,
Canada,2021.0,,,,,,CAN,68836546.0,29437317.0,7653083.0,179.01,76.55,545858.0,,,,,,
Canada,2022.0,,,,,,CAN,96303716.0,31731097.0,29954363.0,250.44,82.52,384186.0,,,,,,
Canada,2023.0,,,,,,CAN,102123709.0,31758251.0,34282144.0,265.57,82.59,84021.0,,,,,,
Canada,2024.0,,,,,,CAN,102877159.0,,34890285.0,267.53,,14240.0,,,,,,
Cape Verde,2021.0,,,,,,CPV,571130.0,255954.0,,96.29,43.15,6701.0,,,,,,
Cape Verde,2022.0,,,,,,CPV,859940.0,308720.0,749.0,144.98,52.05,2880.0,,,,,,
Cayman Islands,2020.0,,,,,,CYM,0.0,,,0.0,,275.0,,,,,,
Cayman Islands,2021.0,,,,,,CYM,130608.0,56891.0,,190.05,82.78,1024.0,,,,,,
Cayman Islands,2022.0,,,,,,CYM,150126.0,60539.0,24064.0,218.45,88.09,226.0,,,,,,
Cayman Islands,2023.0,,,,,,CYM,152148.0,60696.0,24064.0,221.4,88.32,20.0,,,,,,
Central African Republic,2021.0,,,,,,CAF,436772.0,334906.0,,7.83,6.0,18602.0,,,,,,
Central African Republic,2022.0,,,,,,CAF,2354281.0,1934575.0,214090.0,42.2,34.68,25469.0,,,,,,
Central African Republic,2023.0,,,,,,CAF,3342248.0,2484985.0,366221.0,59.91,44.54,11116.0,,,,,,
Chad,2021.0,,,,,,TCD,285922.0,80663.0,,1.61,0.46,4722.0,,,,,,
Chad,2022.0,,,,,,TCD,3891785.0,3625087.0,,21.96,20.45,141029.0,,,,,,
Chad,2023.0,,,,,,TCD,9151765.0,5020360.0,4042573.0,51.64,28.33,153584.0,,,,,,
Chile,2009.0,1.0,H1N1 Influenza Pandemic,12258.0,156.0,1.27,,,,,,,,,,,,,
Chile,2020.0,1.0,COVID-19,614000.0,16400.0,2.7,CHL,8648.0,,,0.04,,4779.0,,,,,,
Chile,2021.0,,,,,,CHL,44314172.0,16547811.0,11032389.0,226.05,84.41,298755.0,,,,,,
Chile,2022.0,,,,,,CHL,62623838.0,17695792.0,27419809.0,319.45,90.27,163834.0,,,,,,
Chile,2023.0,,,,,,CHL,66864900.0,17700117.0,27474929.0,341.08,90.29,14791.0,,,,,,
China,2002.0,1.0,SARS,5327.0,349.0,6.6,,,,,,,,,,,,,
China,2003.0,1.0,H5N1 Avian Influenza,53.0,31.0,58.5,,,,,,,,,,,,,
China,2009.0,1.0,H1N1 Influenza Pandemic,120940.0,800.0,0.66,,,,,,,,,,,,,
China,2015.0,1.0,MERS,1.0,0.0,0.0,,,,,,,,,,,,,
China,2020.0,1.0,COVID-19,87000.0,4634.0,5.3,CHN,4500000.0,,,0.32,,187500.0,,,,,,
China,2021.0,,,,,,CHN,2835332000.0,1207413000.0,120580000.0,198.85,84.68,22424286.0,,,,,,
China,2022.0,,,,,,CHN,3478094000.0,1274018000.0,815718000.0,243.92,89.35,11882143.0,,,,,,
China,2023.0,,,,,,CHN,3491077000.0,1276760000.0,826913000.0,244.84,89.54,952714.0,,,,,,
China,2024.0,,,,,,,,,,,,,1.0,Influenza A (H5N1) virus,0.0,0.0,,0.0
Cholera in Liberia,2021.0,,,,,,,,,,,,,0.0,2002,0.0,0.0,,0.0
Cholera in the Comoros Islands,2021.0,,,,,,,,,,,,,0.0,1998,0.0,0.0,,0.0
CoV) - update,2013.0,,,,,,,,,,,,,0.0,Middle East respiratory syndrome coronavirus (MERS,0.0,0.0,,0.0
CoV) – Saudi Arabia,2021.0,,,,,,,,,,,,,2.0,Middle East respiratory syndrome coronavirus (MERS,0.0,0.0,,2.0
CoV) – update,2014.0,,,,,,,,,,,,,0.0,Middle East respiratory syndrome coronavirus (MERS,0.0,0.0,,0.0
Colombia,2003.0,1.0,SARS,1.0,0.0,0.0,,,,,,,,,,,,,
Colombia,2009.0,1.0,H1N1 Influenza Pandemic,4310.0,272.0,6.31,,,,,,,,,,,,,
Colombia,2010.0,1.0,Dengue,157152.0,217.0,0.14,,,,,,,,,,,,,
Colombia,2015.0,1.0,Zika Virus,105000.0,5.0,,,,,,,,,,,,,,
Colombia,2019.0,1.0,Dengue,127553.0,93.0,0.07,,,,,,,,,,,,,
Colombia,2020.0,1.0,COVID-19,1643000.0,43200.0,2.6,,,,,,,,,,,,,
Colombia,2021.0,,,,,,COL,64690489.0,28323837.0,3324832.0,124.71,54.6,414465.0,,,,,,
Colombia,2022.0,,,,,,COL,89787647.0,36879309.0,14521436.0,173.09,71.09,278525.0,,,,,,
Colombia,2023.0,,,,,,COL,90931192.0,37204128.0,14944212.0,175.29,71.72,15599.0,,,,,,
Comoros,2021.0,,,,,,COM,581547.0,246139.0,,69.5,29.41,5633.0,,,,,,
Comoros,2022.0,,,,,,COM,835021.0,397080.0,,99.79,47.45,7718.0,,,,,,
Congo,2021.0,,,,,,COG,758891.0,135954.0,,12.71,2.28,7088.0,,,,,,
Congo,2022.0,,,,,,COG,833210.0,654119.0,,13.96,10.96,2283.0,,,,,,
Cook Islands,2021.0,,,,,,COK,25339.0,12498.0,,148.77,73.38,812.0,,,,,,
Cook Islands,2022.0,,,,,,COK,40781.0,14715.0,10209.0,239.44,86.4,1433.0,,,,,,
Cook Islands,2023.0,,,,,,COK,40854.0,14728.0,10240.0,239.87,86.47,1.0,,,,,,
Costa Rica,2020.0,,,,,,CRI,55.0,,,0.0,,240.0,,,,,,
Costa Rica,2021.0,,,,,,CRI,7756348.0,3505176.0,306240.0,149.71,67.66,87355.0,,,,,,
Costa Rica,2022.0,,,,,,CRI,12606343.0,4290783.0,2774381.0,243.33,82.82,57857.0,,,,,,
Costa Rica,2023.0,,,,,,CRI,13576935.0,4369784.0,2986527.0,262.06,84.35,7965.0,,,,,,
Cote d'Ivoire,2021.0,,,,,,CIV,7113233.0,2162458.0,,25.26,7.68,121105.0,,,,,,
Cote d'Ivoire,2022.0,,,,,,CIV,23755644.0,11660147.0,2031641.0,84.36,41.41,119128.0,,,,,,
Cote d'Ivoire,2023.0,,,,,,CIV,25263932.0,12164304.0,3138712.0,89.71,43.2,30255.0,,,,,,
Croatia,2020.0,,,,,,HRV,7864.0,,,0.2,,1105.0,,,,,,
Croatia,2021.0,,,,,,HRV,4729751.0,1953540.0,,117.35,48.47,35538.0,,,,,,
Croatia,2022.0,,,,,,HRV,5354058.0,2250557.0,594785.0,132.84,55.84,18595.0,,,,,,
Croatia,2023.0,,,,,,HRV,5374628.0,2251809.0,,133.35,55.87,292.0,,,,,,
Cuba,2021.0,,,,,,CUB,30874045.0,9672464.0,2174094.0,275.36,86.27,321878.0,,,,,,
Cuba,2022.0,,,,,,CUB,42712334.0,10003939.0,8675091.0,380.95,89.22,183021.0,,,,,,
Cuba,2023.0,,,,,,CUB,45622024.0,10031911.0,8772388.0,406.9,89.47,38967.0,,,,,,
Cuba,2024.0,,,,,,CUB,45995747.0,10053658.0,8792717.0,410.23,89.67,1952.0,,,,,,
Curacao,2021.0,,,,,,CUW,217092.0,96611.0,16095.0,113.56,50.54,3452.0,,,,,,
Curacao,2022.0,,,,,,CUW,256029.0,99955.0,47473.0,133.93,52.29,1741.0,,,,,,
Curacao,2023.0,,,,,,CUW,260324.0,100885.0,49213.0,136.17,52.77,24.0,,,,,,
Cyprus,2021.0,,,,,,CYP,1541159.0,607884.0,268304.0,172.0,67.84,12513.0,,,,,,
Cyprus,2022.0,,,,,,CYP,1797542.0,646021.0,480552.0,200.62,72.1,7036.0,,,,,,
Cyprus,2023.0,,,,,,CYP,1798610.0,646142.0,481275.0,200.74,72.11,17.0,,,,,,
Czech Republic,2020.0,1.0,COVID-19,730000.0,12100.0,1.7,,,,,,,,,,,,,
Czechia,2020.0,,,,,,CZE,11879.0,1.0,,0.11,0.0,3093.0,,,,,,
Czechia,2021.0,,,,,,CZE,15499506.0,6661480.0,2412094.0,147.7,63.48,98393.0,,,,,,
Czechia,2022.0,,,,,,CZE,18601405.0,6893506.0,5141790.0,177.26,65.69,75918.0,,,,,,
Czechia,2023.0,,,,,,CZE,19025550.0,6895727.0,5560181.0,181.3,65.71,7901.0,,,,,,
Czechia,2024.0,,,,,,CZE,19047108.0,6895763.0,5581388.0,181.5,65.71,830.0,,,,,,
DRC,2000.0,1.0,Cholera (endemic/recurrent),588996.0,13877.0,2.4,,,,,,,,,,,,,
DRC,2007.0,1.0,Ebola Virus Disease,264.0,187.0,71.0,,,,,,,,,,,,,
DRC,2008.0,1.0,Ebola Virus Disease,32.0,14.0,44.0,,,,,,,,,,,,,
DRC,2012.0,1.0,Ebola Virus Disease (Bundibugyo),57.0,29.0,51.0,,,,,,,,,,,,,
DRC,2014.0,1.0,Ebola Virus Disease (Equateur 2014),69.0,49.0,71.0,,,,,,,,,,,,,
DRC,2016.0,1.0,Yellow Fever,2987.0,16.0,20.0,,,,,,,,,,,,,
DRC,2017.0,1.0,Ebola Virus Disease,8.0,4.0,50.0,,,,,,,,,,,,,
DRC,2018.0,3.0,"Ebola Virus Disease (Equateur),Ebola Virus Disease (North Kivu/Ituri),Measles",461524.0,10320.0,42.9,,,,,,,,,,,,,
DRC,2020.0,1.0,Ebola Virus Disease (Equateur 2020),130.0,55.0,42.3,,,,,,,,,,,,,
Democratic Republic of Congo,2021.0,,,,,,COD,333589.0,117844.0,,0.34,0.12,7326.0,,,,,,
Democratic Republic of Congo,2022.0,,,,,,COD,9988117.0,6848697.0,,10.09,6.92,68808.0,,,,,,
Democratic Republic of Congo,2023.0,,,,,,COD,18808671.0,14399520.0,,19.0,14.54,99124.0,,,,,,
Democratic Republic of the Congo,2024.0,,,,,,,,,,,,,1.0,Typhoid fever,0.0,0.0,,0.0
Denmark,2020.0,,,,,,DNK,11.0,,,0.0,,619.0,,,,,,
Denmark,2021.0,,,,,,DNK,11882638.0,4507799.0,2725924.0,202.01,76.63,124721.0,,,,,,
Denmark,2022.0,,,,,,DNK,14929608.0,4710877.0,3613830.0,253.81,80.09,74171.0,,,,,,
Denmark,2023.0,,,,,,DNK,14961517.0,4712002.0,3617006.0,254.35,80.11,1021.0,,,,,,
Djibouti,2006.0,1.0,H5N1 Avian Influenza,1.0,0.0,0.0,,,,,,,,,,,,,
Djibouti,2021.0,,,,,,DJI,64721.0,26087.0,,5.77,2.33,802.0,,,,,,
Djibouti,2022.0,,,,,,DJI,338051.0,297060.0,,30.16,26.5,2149.0,,,,,,
Djibouti,2023.0,,,,,,DJI,442199.0,401208.0,,39.45,35.79,695.0,,,,,,
Dominica,2021.0,,,,,,DMA,57044.0,27618.0,,78.4,37.96,901.0,,,,,,
Dominica,2022.0,,,,,,DMA,67647.0,30659.0,3993.0,92.98,42.14,543.0,,,,,,
Dominican Republic,2010.0,1.0,Cholera,33188.0,504.0,1.5,,,,,,,,,,,,,
Dominican Republic,2015.0,1.0,Zika Virus,5000.0,0.0,0.0,,,,,,,,,,,,,
Dominican Republic,2021.0,,,,,,DOM,14086551.0,5699587.0,1448368.0,125.45,50.76,184208.0,,,,,,
Dominican Republic,2022.0,,,,,,DOM,16171774.0,6071623.0,2513784.0,144.02,54.07,42083.0,,,,,,
Dominican Republic,2023.0,,,,,,DOM,16430339.0,6130377.0,2574938.0,146.32,54.6,1601.0,,,,,,
Ebola haemorrhagic fever in Gabon (new outbreak) - Update 12,2021.0,,,,,,,,,,,,,0.0,1997,0.0,0.0,,0.0
Ecuador,2009.0,1.0,H1N1 Influenza Pandemic,2251.0,200.0,8.88,,,,,,,,,,,,,
Ecuador,2015.0,1.0,Zika Virus,4000.0,0.0,0.0,,,,,,,,,,,,,
Ecuador,2020.0,1.0,COVID-19,212000.0,14000.0,6.6,,,,,,,,,,,,,
Ecuador,2021.0,,,,,,ECU,27566331.0,12690467.0,1127965.0,153.14,70.5,354692.0,,,,,,
Ecuador,2022.0,,,,,,ECU,39296436.0,14214551.0,10331166.0,218.3,78.97,110806.0,,,,,,
Ecuador,2023.0,,,,,,ECU,39564195.0,14240587.0,10554926.0,219.79,79.11,4735.0,,,,,,
Egypt,2006.0,1.0,H5N1 Avian Influenza,359.0,120.0,33.4,,,,,,,,,,,,,
Egypt,2009.0,1.0,H1N1 Influenza Pandemic,15812.0,278.0,1.76,,,,,,,,,,,,,
Egypt,2021.0,,,,,,EGY,52819190.0,20627388.0,,47.59,18.58,615408.0,,,,,,
Egypt,2022.0,,,,,,EGY,100993230.0,40092338.0,9915716.0,90.99,36.12,424464.0,,,,,,
Egypt,2023.0,,,,,,EGY,112673535.0,42337175.0,15217352.0,101.52,38.15,335527.0,,,,,,
El Salvador,2015.0,1.0,Zika Virus,12000.0,0.0,0.0,,,,,,,,,,,,,
El Salvador,2021.0,,,,,,SLV,9620698.0,4156783.0,980216.0,151.83,65.6,72435.0,,,,,,
El Salvador,2022.0,,,,,,SLV,11289175.0,4344286.0,2292292.0,178.16,68.56,17092.0,,,,,,
England,2021.0,,,,,,OWID_ENG,111916669.0,39817420.0,28585351.0,197.91,70.41,831591.0,,,,,,
England,2022.0,,,,,,OWID_ENG,144310027.0,42887239.0,76881912.0,255.19,75.84,336517.0,,,,,,
England,2023.0,,,,,,OWID_ENG,149398324.0,42951064.0,77498574.0,264.19,75.95,117947.0,,,,,,
Equatorial Guinea,2021.0,,,,,,GNQ,452666.0,203390.0,,27.03,12.14,5013.0,,,,,,
Equatorial Guinea,2022.0,,,,,,GNQ,488738.0,214032.0,4597.0,29.18,12.78,565.0,,,,,,
Estonia,2020.0,,,,,,EST,2475.0,76.0,,0.19,0.01,571.0,,,,,,
Estonia,2021.0,,,,,,EST,1808855.0,827748.0,331279.0,136.41,62.42,10161.0,,,,,,
Estonia,2022.0,,,,,,EST,2101403.0,861026.0,590373.0,158.47,64.93,4696.0,,,,,,
Estonia,2023.0,,,,,,EST,2167635.0,862613.0,655580.0,163.46,65.05,1151.0,,,,,,
Estonia,2024.0,,,,,,EST,2171623.0,862748.0,659459.0,163.76,65.06,130.0,,,,,,
Eswatini,2021.0,,,,,,SWZ,399616.0,301243.0,,33.25,25.07,11049.0,,,,,,
Eswatini,2022.0,,,,,,SWZ,773579.0,342088.0,147518.0,64.37,28.47,4391.0,,,,,,
Eswatini,2023.0,,,,,,SWZ,870205.0,427335.0,179450.0,72.42,35.56,1349.0,,,,,,
Ethiopia,2017.0,1.0,Cholera (reported as AWD),32000.0,800.0,2.5,,,,,,,,,,,,,
Ethiopia,2021.0,,,,,,ETH,10916152.0,,,8.85,,474622.0,,,,,,
Ethiopia,2022.0,,,,,,ETH,52509414.0,36707357.0,2421781.0,42.56,29.75,2808915.0,,,,,,
Ethiopia,2023.0,,,,,,ETH,68856793.0,43653006.0,5978070.0,55.81,35.38,705473.0,,,,,,
Europe,2020.0,,,,,,OWID_EUR,429815.0,82.0,,0.06,0.0,158968.0,,,,,,
Europe,2021.0,,,,,,OWID_EUR,1106956480.0,451005349.0,178889502.0,148.62,60.55,5945288.0,,,,,,
Europe,2022.0,,,,,,OWID_EUR,1375530712.0,491718587.0,353683760.0,184.68,66.02,4128925.0,,,,,,
Europe,2023.0,,,,,,OWID_EUR,1399046899.0,493750562.0,364894404.0,187.84,66.29,198891.0,,,,,,
Europe,2024.0,,,,,,OWID_EUR,1399334208.0,493751304.0,365099941.0,187.88,66.29,8476.0,,,,,,
European Union,2020.0,,,,,,OWID_EUN,364136.0,82.0,,0.08,0.0,89234.0,,,,,,
European Union,2021.0,,,,,,OWID_EUN,747813379.0,307451692.0,131081776.0,166.13,68.3,4206856.0,,,,,,
European Union,2022.0,,,,,,OWID_EUN,940170671.0,327391675.0,276074416.0,208.86,72.73,3237276.0,,,,,,
European Union,2023.0,,,,,,OWID_EUN,950825981.0,327966684.0,282233252.0,211.23,72.86,133980.0,,,,,,
European Union,2024.0,,,,,,OWID_EUN,951113290.0,327967426.0,282438789.0,211.29,72.86,8476.0,,,,,,
Faeroe Islands,2021.0,,,,,,FRO,96235.0,40528.0,14270.0,181.18,76.3,1001.0,,,,,,
Faeroe Islands,2022.0,,,,,,FRO,103894.0,40895.0,21284.0,195.59,76.99,457.0,,,,,,
Falkland Islands,2021.0,,,,,,FLK,4407.0,1775.0,,115.94,46.7,189.0,,,,,,
Fiji,2021.0,,,,,,FJI,1267045.0,605593.0,,136.28,65.13,14274.0,,,,,,
Fiji,2022.0,,,,,,FJI,1551184.0,640518.0,170259.0,166.84,68.89,17149.0,,,,,,
Fiji,2023.0,,,,,,FJI,1555182.0,641194.0,172046.0,167.27,68.96,158.0,,,,,,
Finland,2021.0,,,,,,FIN,9616819.0,4085397.0,1132671.0,173.57,73.73,49317.0,,,,,,
Finland,2022.0,,,,,,FIN,13149072.0,4346300.0,4277426.0,237.32,78.44,72110.0,,,,,,
Finland,2023.0,,,,,,FIN,13325665.0,4347093.0,4454319.0,240.5,78.46,3083.0,,,,,,
Finland,2024.0,,,,,,FIN,13327120.0,4347113.0,4455719.0,240.53,78.46,655.0,,,,,,
France,2003.0,1.0,SARS,7.0,1.0,14.3,,,,,,,,,,,,,
France,2013.0,1.0,MERS,2.0,1.0,50.0,,,,,,,,,,,,,
France,2020.0,1.0,COVID-19,2600000.0,64600.0,2.5,FRA,2625.0,2.0,,0.0,0.0,711.0,,,,,,
France,2021.0,,,,,,FRA,124246736.0,49647368.0,22449023.0,183.22,73.21,734590.0,,,,,,
France,2022.0,,,,,,FRA,153458028.0,53148866.0,46747038.0,226.3,78.38,652198.0,,,,,,
France,2023.0,,,,,,FRA,154493266.0,53192478.0,47705542.0,227.82,78.44,33920.0,,,,,,
French Polynesia,2013.0,1.0,Zika Virus,32000.0,0.0,0.0,,,,,,,,,,,,,
French Polynesia,2021.0,,,,,,PYF,329095.0,159100.0,,107.44,51.94,3216.0,,,,,,
French Polynesia,2022.0,,,,,,PYF,497169.0,186059.0,112237.0,162.32,60.75,12050.0,,,,,,
French Polynesia,2023.0,,,,,,PYF,502952.0,186803.0,112237.0,164.21,60.99,73.0,,,,,,
Gabon,2001.0,1.0,Ebola Virus Disease,65.0,53.0,82.0,,,,,,,,,,,,,
Gabon,2021.0,,,,,,GAB,392898.0,173123.0,,16.45,7.25,7131.0,,,,,,
Gabon,2022.0,,,,,,GAB,572672.0,257378.0,2589.0,23.97,10.77,3128.0,,,,,,
Gabon,2023.0,,,,,,GAB,572672.0,257471.0,2592.0,23.97,10.78,0.0,,,,,,
Gambia,2021.0,,,,,,GMB,294698.0,249515.0,,10.89,9.22,3615.0,,,,,,
Gambia,2022.0,,,,,,GMB,815861.0,454249.0,31118.0,30.15,16.79,8164.0,,,,,,
Gambia,2023.0,,,,,,GMB,1444492.0,539186.0,53741.0,53.38,19.93,8164.0,,,,,,
Georgia,2021.0,,,,,,GEO,2512858.0,1148962.0,,67.11,30.68,29680.0,,,,,,
Georgia,2022.0,,,,,,GEO,2930677.0,1276173.0,80818.0,78.27,34.08,9121.0,,,,,,
Germany,2003.0,1.0,SARS,9.0,0.0,0.0,,,,,,,,,,,,,
Germany,2009.0,1.0,H1N1 Influenza Pandemic,222360.0,258.0,0.12,,,,,,,,,,,,,
Germany,2012.0,1.0,MERS,3.0,1.0,33.0,,,,,,,,,,,,,
Germany,2020.0,1.0,COVID-19,1756000.0,34500.0,2.0,DEU,206927.0,,,0.25,,45625.0,,,,,,
Germany,2021.0,,,,,,DEU,153966358.0,59158121.0,34336313.0,184.68,70.96,1148328.0,,,,,,
Germany,2022.0,,,,,,DEU,191587054.0,63550296.0,64384901.0,229.8,76.23,651741.0,,,,,,
Germany,2023.0,,,,,,DEU,192221468.0,63563414.0,64791434.0,230.56,76.24,17763.0,,,,,,
Ghana,2014.0,1.0,Cholera,11000.0,100.0,0.9,,,,,,,,,,,,,
Ghana,2021.0,,,,,,GHA,7755231.0,2334010.0,,23.17,6.97,442283.0,,,,,,
Ghana,2022.0,,,,,,GHA,21400939.0,9183560.0,2744852.0,63.93,27.43,260621.0,,,,,,
Ghana,2023.0,,,,,,GHA,25624828.0,10780003.0,4806017.0,76.55,32.2,33067.0,,,,,,
Gibraltar,2021.0,,,,,,GIB,108323.0,40065.0,27085.0,331.5,122.61,1068.0,,,,,,
Gibraltar,2022.0,,,,,,GIB,132810.0,41465.0,49170.0,406.43,126.89,270.0,,,,,,
Greece,2020.0,,,,,,GRC,2339.0,,,0.02,,638.0,,,,,,
Greece,2021.0,,,,,,GRC,17469497.0,7041133.0,3530076.0,168.22,67.8,109105.0,,,,,,
Greece,2022.0,,,,,,GRC,22017133.0,7642847.0,7020281.0,212.01,73.6,78769.0,,,,,,
Greece,2023.0,,,,,,GRC,22298982.0,7646864.0,7294103.0,214.72,73.63,4133.0,,,,,,
Greece,2024.0,,,,,,GRC,22467978.0,7647076.0,7461944.0,216.35,73.64,5717.0,,,,,,
Greenland,2021.0,,,,,,GRL,78500.0,38053.0,,138.95,67.36,1128.0,,,,,,
Greenland,2022.0,,,,,,GRL,79738.0,38511.0,,141.14,68.17,52.0,,,,,,
Grenada,2021.0,,,,,,GRD,78476.0,35457.0,,62.55,28.26,579.0,,,,,,
Grenada,2022.0,,,,,,GRD,90507.0,38975.0,7352.0,72.14,31.07,188.0,,,,,,
Grenada,2023.0,,,,,,GRD,90686.0,39034.0,7411.0,72.28,31.11,1.0,,,,,,
Guatemala,2015.0,1.0,Zika Virus,17000.0,0.0,0.0,,,,,,,,,,,,,
Guatemala,2021.0,,,,,,GTM,11310579.0,4686883.0,88446.0,63.39,26.27,96711.0,,,,,,
Guatemala,2022.0,,,,,,GTM,19955569.0,7027477.0,4072352.0,111.83,39.38,95485.0,,,,,,
Guatemala,2023.0,,,,,,GTM,20362104.0,7126305.0,4302176.0,114.11,39.94,6510.0,,,,,,
Guernsey,2021.0,,,,,,GGY,106109.0,13618.0,,167.55,21.5,1747.0,,,,,,
Guernsey,2022.0,,,,,,GGY,178525.0,52710.0,69339.0,281.9,83.23,1747.0,,,,,,
Guinea,2013.0,1.0,Ebola Virus Disease,3811.0,2543.0,66.7,,,,,,,,,,,,,
Guinea,2021.0,,,,,,GIN,2952253.0,925486.0,,21.3,6.68,41116.0,,,,,,
Guinea,2022.0,,,,,,GIN,8749048.0,3293736.0,223977.0,63.13,23.77,172447.0,,,,,,
Guinea,2023.0,,,,,,GIN,12049511.0,5853990.0,425378.0,86.94,42.24,54805.0,,,,,,
Guinea-Bissau,2021.0,,,,,,GNB,413938.0,23144.0,,19.66,1.1,17553.0,,,,,,
Guinea-Bissau,2022.0,,,,,,GNB,592609.0,361350.0,745.0,28.14,17.16,9601.0,,,,,,
Guinea-Bissau,2023.0,,,,,,GNB,920752.0,547637.0,76359.0,43.73,26.01,14996.0,,,,,,
Guyana,2021.0,,,,,,GUY,715724.0,294160.0,11065.0,88.5,36.37,5226.0,,,,,,
Guyana,2022.0,,,,,,GUY,953690.0,380118.0,80168.0,117.92,47.0,9303.0,,,,,,
Guyana,2023.0,,,,,,GUY,960133.0,381984.0,82864.0,118.72,47.23,84.0,,,,,,
Haiti,2010.0,1.0,Cholera,820000.0,9792.0,1.2,,,,,,,,,,,,,
Haiti,2021.0,,,,,,HTI,197175.0,73580.0,,1.7,0.64,5695.0,,,,,,
Haiti,2022.0,,,,,,HTI,510611.0,237406.0,,4.41,2.05,7598.0,,,,,,
Haiti,2023.0,,,,,,HTI,680104.0,366339.0,,5.87,3.16,1292.0,,,,,,
High income,2020.0,,,,,,OWID_HIC,7254935.0,47377.0,,0.58,0.0,622321.0,,,,,,
High income,2021.0,,,,,,OWID_HIC,2082222643.0,861208775.0,304240723.0,166.51,68.87,8545044.0,,,,,,
High income,2022.0,,,,,,OWID_HIC,2779003456.0,925740824.0,811896296.0,222.23,74.03,6621716.0,,,,,,
High income,2023.0,,,,,,OWID_HIC,2838699672.0,929254090.0,837046286.0,227.0,74.31,746449.0,,,,,,
High income,2024.0,,,,,,OWID_HIC,2840880020.0,929255961.0,839231470.0,227.18,74.31,23523.0,,,,,,
Honduras,2010.0,1.0,Dengue,66814.0,83.0,0.12,,,,,,,,,,,,,
Honduras,2015.0,1.0,Zika Virus,30000.0,0.0,0.0,,,,,,,,,,,,,
Honduras,2019.0,1.0,Dengue,112000.0,180.0,0.16,,,,,,,,,,,,,
Honduras,2021.0,,,,,,HND,9589064.0,4296605.0,377472.0,91.91,41.18,156407.0,,,,,,
Honduras,2022.0,,,,,,HND,16788825.0,5758291.0,4491359.0,160.92,55.19,174517.0,,,,,,
Honduras,2023.0,,,,,,HND,17074861.0,5853689.0,4872295.0,163.66,56.11,2943.0,,,,,,
Hong Kong,2021.0,,,,,,HKG,9925508.0,4662016.0,387229.0,132.54,62.25,65992.0,,,,,,
Hong Kong,2022.0,,,,,,HKG,20338748.0,6787540.0,6642602.0,271.59,90.64,86320.0,,,,,,
Hong Kong,2023.0,,,,,,HKG,20924351.0,6802193.0,7203692.0,279.41,90.83,17184.0,,,,,,
Hong Kong,2024.0,,,,,,HKG,21014839.0,6803327.0,7291392.0,280.61,90.85,2090.0,,,,,,
Hong Kong SAR,2003.0,1.0,SARS,1755.0,299.0,17.0,,,,,,,,,,,,,
Hungary,2020.0,1.0,COVID-19,324000.0,10100.0,3.1,HUN,1094.0,,,0.01,,6202.0,,,,,,
Hungary,2021.0,,,,,,HUN,15074636.0,5981569.0,3176553.0,151.24,60.01,125911.0,,,,,,
Hungary,2022.0,,,,,,HUN,16701238.0,6207249.0,4316982.0,167.56,62.28,26357.0,,,,,,
Iceland,2020.0,,,,,,ISL,4875.0,,,1.31,,63.0,,,,,,
Iceland,2021.0,,,,,,ISL,716926.0,283920.0,200913.0,192.26,76.14,7546.0,,,,,,
Iceland,2022.0,,,,,,ISL,805469.0,290193.0,250542.0,216.0,77.82,3589.0,,,,,,
India,2003.0,1.0,SARS,3.0,0.0,0.0,,,,,,,,,,,,,
India,2006.0,1.0,Chikungunya,1400000.0,200.0,,,,,,,,,,,,,,
India,2009.0,1.0,H1N1 Influenza Pandemic,33783.0,2024.0,5.99,,,,,,,,,,,,,
India,2015.0,1.0,Dengue,99913.0,220.0,0.22,,,,,,,,,,,,,
India,2017.0,1.0,Dengue,188401.0,325.0,0.17,,,,,,,,,,,,,
India,2020.0,1.0,COVID-19,10267000.0,148700.0,1.4,,,,,,,,,,,,,
India,2021.0,,,,,,IND,1448865422.0,603224821.0,,102.24,42.57,10037995.0,,,,,,
India,2022.0,,,,,,IND,2200989986.0,951207411.0,222581622.0,155.31,67.12,9358811.0,,,,,,
India,2023.0,,,,,,IND,2206751639.0,951987234.0,227343882.0,155.72,67.18,263275.0,,,,,,
India,2024.0,,,,,,IND,2206868000.0,951990552.0,227438524.0,155.72,67.18,6175.0,,,,,,
India (Kerala),2018.0,1.0,Nipah Virus,23.0,21.0,91.0,,,,,,,,,,,,,
Indonesia,2003.0,1.0,SARS,2.0,0.0,0.0,,,,,,,,,,,,,
Indonesia,2005.0,1.0,H5N1 Avian Influenza,200.0,168.0,84.0,,,,,,,,,,,,,
Indonesia,2007.0,1.0,Dengue,150000.0,1400.0,0.93,,,,,,,,,,,,,
Indonesia,2016.0,1.0,Dengue,204000.0,1598.0,0.78,,,,,,,,,,,,,
Indonesia,2019.0,1.0,Dengue,138000.0,900.0,0.65,,,,,,,,,,,,,
Indonesia,2020.0,1.0,COVID-19,744000.0,22100.0,3.0,,,,,,,,,,,,,
Indonesia,2021.0,,,,,,IDN,274749184.0,113666327.0,,99.73,41.26,1897011.0,,,,,,
Indonesia,2022.0,,,,,,IDN,443173913.0,172533762.0,67065100.0,160.86,62.63,2125551.0,,,,,,
Indonesia,2023.0,,,,,,IDN,448199860.0,174965137.0,69356250.0,162.69,63.51,40329.0,,,,,,
Indonesia,2024.0,,,,,,,,,,,,,1.0,Poliomyelitis,0.0,0.0,,0.0
Iran,2009.0,1.0,H1N1 Influenza Pandemic,3672.0,147.0,4.0,,,,,,,,,,,,,
Iran,2014.0,1.0,MERS,6.0,2.0,33.0,,,,,,,,,,,,,
Iran,2020.0,1.0,COVID-19,1225000.0,55300.0,4.5,,,,,,,,,,,,,
Iran,2021.0,,,,,,IRN,116210697.0,51194091.0,3772199.0,131.24,57.81,1225502.0,,,,,,
Iran,2022.0,,,,,,IRN,154773070.0,58514580.0,28227908.0,174.78,66.08,604459.0,,,,,,
Iran,2023.0,,,,,,IRN,155461757.0,58585264.0,31352288.0,175.56,66.16,12066.0,,,,,,
Iraq,2006.0,1.0,H5N1 Avian Influenza,3.0,2.0,66.7,,,,,,,,,,,,,
Iraq,2007.0,1.0,Cholera,4569.0,22.0,0.5,,,,,,,,,,,,,
Iraq,2020.0,1.0,COVID-19,596000.0,12800.0,2.1,,,,,,,,,,,,,
Iraq,2021.0,,,,,,IRQ,14140578.0,5639110.0,,31.78,12.67,435337.0,,,,,,
Iraq,2022.0,,,,,,IRQ,19552980.0,7944775.0,275280.0,43.94,17.85,58760.0,,,,,,
Iraq,2023.0,,,,,,IRQ,19557364.0,7944775.0,275280.0,43.95,17.85,399.0,,,,,,
Ireland,2021.0,,,,,,IRL,9859848.0,3884580.0,2279845.0,196.29,77.33,91840.0,,,,,,
Ireland,2022.0,,,,,,IRL,11109230.0,4062496.0,3180229.0,221.16,80.88,32351.0,,,,,,
Ireland,2023.0,,,,,,IRL,11145135.0,4065424.0,3209531.0,221.88,80.93,440.0,,,,,,
Ireland,2024.0,,,,,,IRL,11148281.0,4065584.0,3211763.0,221.94,80.94,64.0,,,,,,
Isle of Man,2021.0,,,,,,IMN,177816.0,65454.0,43572.0,210.35,77.43,6039.0,,,,,,
Isle of Man,2022.0,,,,,,IMN,189994.0,67106.0,53328.0,224.75,79.38,543.0,,,,,,
Israel,2009.0,1.0,H1N1 Influenza Pandemic,4330.0,94.0,2.17,,,,,,,,,,,,,
Israel,2020.0,1.0,COVID-19,426000.0,3400.0,0.8,ISR,992320.0,6.0,,10.5,0.0,111272.0,,,,,,
Israel,2021.0,,,,,,ISR,16786452.0,5942734.0,4262524.0,177.65,62.89,185557.0,,,,,,
Israel,2022.0,,,,,,ISR,18609154.0,6158460.0,5728499.0,196.94,65.18,77274.0,,,,,,
Israel,2023.0,,,,,,ISR,18649248.0,6159825.0,5766304.0,197.37,65.19,1655.0,,,,,,
Italy,2003.0,1.0,SARS,4.0,0.0,0.0,,,,,,,,,,,,,
Italy,2013.0,1.0,MERS,1.0,0.0,0.0,,,,,,,,,,,,,
Italy,2014.0,1.0,Ebola Virus Disease,1.0,0.0,0.0,,,,,,,,,,,,,
Italy,2020.0,1.0,COVID-19,2108000.0,74100.0,3.5,ITA,40667.0,,,0.07,,8369.0,,,,,,
Italy,2021.0,,,,,,ITA,111400252.0,44709912.0,19708182.0,188.69,75.73,593377.0,,,,,,
Italy,2022.0,,,,,,ITA,144048328.0,47939988.0,47036385.0,243.99,81.2,665295.0,,,,,,
Italy,2023.0,,,,,,ITA,144608839.0,47947097.0,47765365.0,244.94,81.21,17821.0,,,,,,
Jamaica,2021.0,,,,,,JAM,1208785.0,566887.0,4834.0,42.75,20.05,13772.0,,,,,,
Jamaica,2022.0,,,,,,JAM,1506682.0,743499.0,45503.0,53.29,26.3,4686.0,,,,,,
Jamaica,2023.0,,,,,,JAM,1528445.0,760132.0,46065.0,54.06,26.88,248.0,,,,,,
Japan,2009.0,1.0,H1N1 Influenza Pandemic,11636.0,198.0,1.7,,,,,,,,,,,,,
Japan,2020.0,1.0,COVID-19,236000.0,3400.0,1.4,,,,,,,,,,,,,
Japan,2021.0,,,,,,JPN,201971478.0,99712082.0,1043564.0,162.94,80.44,1692319.0,,,,,,
Japan,2022.0,,,,,,JPN,373165262.0,103154352.0,165452792.0,301.06,83.22,1011639.0,,,,,,
Japan,2023.0,,,,,,JPN,383747738.0,103380343.0,175662262.0,309.59,83.4,328770.0,,,,,,
Jersey,2021.0,,,,,,JEY,209935.0,76997.0,51471.0,189.48,69.49,1233.0,,,,,,
Jersey,2022.0,,,,,,JEY,266239.0,81838.0,73623.0,240.3,73.86,669.0,,,,,,
Jersey,2023.0,,,,,,JEY,266953.0,81882.0,73662.0,240.94,73.9,31.0,,,,,,
Jordan,2012.0,1.0,MERS,28.0,7.0,25.0,,,,,,,,,,,,,
Jordan,2021.0,,,,,,JOR,8265793.0,3933851.0,,73.24,34.86,87729.0,,,,,,
Jordan,2022.0,,,,,,JOR,10057975.0,4558313.0,682211.0,89.12,40.39,35491.0,,,,,,
Kazakhstan,2021.0,,,,,,KAZ,17501273.0,8515110.0,,90.22,43.9,142997.0,,,,,,
Kazakhstan,2022.0,,,,,,KAZ,20918681.0,10613754.0,2514071.0,107.84,54.72,351158.0,,,,,,
Kazakhstan,2023.0,,,,,,KAZ,38355605.0,10629063.0,,197.73,54.79,41222.0,,,,,,
Kenya,2006.0,1.0,Rift Valley Fever,684.0,234.0,34.0,,,,,,,,,,,,,
Kenya,2021.0,,,,,,KEN,10002184.0,4155832.0,5280.0,18.51,7.69,123343.0,,,,,,
Kenya,2022.0,,,,,,KEN,23063539.0,10832419.0,1756954.0,42.69,20.05,245551.0,,,,,,
Kenya,2023.0,,,,,,KEN,23750431.0,11090440.0,2000636.0,43.96,20.53,9312.0,,,,,,
Kiribati,2021.0,,,,,,KIR,82167.0,22675.0,,62.61,17.28,1494.0,,,,,,
Kiribati,2022.0,,,,,,KIR,193491.0,73888.0,23419.0,147.44,56.3,1018.0,,,,,,
Kiribati,2023.0,,,,,,KIR,219980.0,81474.0,37606.0,167.62,62.08,342.0,,,,,,
Kosovo,2021.0,,,,,,OWID_KOS,1673578.0,782696.0,7886.0,93.91,43.92,19287.0,,,,,,
Kosovo,2022.0,,,,,,OWID_KOS,1837093.0,824977.0,105436.0,103.08,46.29,4536.0,,,,,,
Kosovo,2023.0,,,,,,OWID_KOS,1837446.0,825082.0,105506.0,103.1,46.3,12.0,,,,,,
Kuwait,2003.0,1.0,SARS,1.0,0.0,0.0,,,,,,,,,,,,,
Kuwait,2013.0,1.0,MERS,4.0,1.0,25.0,,,,,,,,,,,,,
Kuwait,2020.0,,,,,,KWT,2500.0,,,0.06,,1121.0,,,,,,
Kuwait,2021.0,,,,,,KWT,6942690.0,3216700.0,380911.0,162.63,75.35,40778.0,,,,,,
Kuwait,2022.0,,,,,,KWT,8255386.0,3343442.0,1457121.0,193.39,78.32,15791.0,,,,,,
Kuwait,2023.0,,,,,,KWT,8261221.0,3346176.0,1457547.0,193.52,78.39,78.0,,,,,,
Kyrgyzstan,2021.0,,,,,,KGZ,2255224.0,990973.0,,34.01,14.95,22900.0,,,,,,
Kyrgyzstan,2022.0,,,,,,KGZ,3369942.0,1361199.0,,50.82,20.53,10460.0,,,,,,
Kyrgyzstan,2023.0,,,,,,KGZ,3661335.0,1406016.0,,55.22,21.2,2745.0,,,,,,
La Reunion (France),2005.0,1.0,Chikungunya,300000.0,200.0,,,,,,,,,,,,,,
Lao PDR,2007.0,1.0,H5N1 Avian Influenza,2.0,2.0,100.0,,,,,,,,,,,,,
Laos,2021.0,,,,,,LAO,5830021.0,3099003.0,,77.43,41.16,146235.0,,,,,,
Laos,2022.0,,,,,,LAO,11111066.0,5222417.0,,147.57,69.36,48048.0,,,,,,
Latvia,2020.0,,,,,,LVA,2336.0,2.0,,0.13,0.0,329.0,,,,,,
Latvia,2021.0,,,,,,LVA,2555555.0,1262507.0,258489.0,138.09,68.22,17033.0,,,,,,
Latvia,2022.0,,,,,,LVA,2895716.0,1305976.0,529562.0,156.47,70.57,10487.0,,,,,,
Lebanon,2013.0,1.0,MERS,2.0,0.0,0.0,,,,,,,,,,,,,
Lebanon,2021.0,,,,,,LBN,4379487.0,1831322.0,295415.0,79.78,33.36,56153.0,,,,,,
Lebanon,2022.0,,,,,,LBN,5814699.0,2414223.0,660249.0,105.92,43.98,42600.0,,,,,,
Lesotho,2021.0,,,,,,LSO,857925.0,727528.0,,37.21,31.55,17261.0,,,,,,
Lesotho,2022.0,,,,,,LSO,1259488.0,925976.0,137883.0,54.62,40.16,9788.0,,,,,,
Lesotho,2023.0,,,,,,LSO,1339097.0,938088.0,177816.0,58.07,40.68,893.0,,,,,,
Liberia,2014.0,1.0,Ebola Virus Disease,10675.0,4809.0,45.0,,,,,,,,,,,,,
Liberia,2021.0,,,,,,LBR,880313.0,755263.0,,16.6,14.24,39207.0,,,,,,
Liberia,2022.0,,,,,,LBR,4460668.0,3730967.0,1987.0,84.12,70.36,89696.0,,,,,,
Libya,2021.0,,,,,,LBY,2679874.0,825677.0,,39.34,12.12,23862.0,,,,,,
Libya,2022.0,,,,,,LBY,3716080.0,1229888.0,177468.0,54.55,18.05,19020.0,,,,,,
Libya,2023.0,,,,,,LBY,3739158.0,1236102.0,186729.0,54.89,18.15,218.0,,,,,,
Liechtenstein,2020.0,,,,,,LIE,0.0,,,0.0,,0.0,,,,,,
Liechtenstein,2021.0,,,,,,LIE,63015.0,,12173.0,160.12,,726.0,,,,,,
Liechtenstein,2022.0,,,,,,LIE,74154.0,,21925.0,188.42,,340.0,,,,,,
Liechtenstein,2023.0,,,,,,LIE,74337.0,,22087.0,188.89,,5.0,,,,,,
Lithuania,2020.0,,,,,,LTU,9755.0,,,0.35,,2888.0,,,,,,
Lithuania,2021.0,,,,,,LTU,4131857.0,1832177.0,652028.0,150.25,66.62,27613.0,,,,,,
Lithuania,2022.0,,,,,,LTU,4539926.0,1879896.0,943381.0,165.08,68.36,16084.0,,,,,,
Lithuania,2023.0,,,,,,LTU,4603092.0,1881066.0,948371.0,167.38,68.4,1307.0,,,,,,
Lithuania,2024.0,,,,,,LTU,4604865.0,1881106.0,948621.0,167.45,68.4,74.0,,,,,,
Low income,2021.0,,,,,,OWID_LIC,76255328.0,27747461.0,,10.34,3.76,993536.0,,,,,,
Low income,2022.0,,,,,,OWID_LIC,255817933.0,158137429.0,12703926.0,34.68,21.44,3330163.0,,,,,,
Low income,2023.0,,,,,,OWID_LIC,333448906.0,204944352.0,30288516.0,45.21,27.79,1050109.0,,,,,,
Lower middle income,2021.0,,,,,,OWID_LMC,2815313728.0,1185090131.0,17170706.0,82.03,34.53,17055076.0,,,,,,
Lower middle income,2022.0,,,,,,OWID_LMC,4757007643.0,1977403493.0,613397509.0,138.6,57.62,16611035.0,,,,,,
Lower middle income,2023.0,,,,,,OWID_LMC,4954193121.0,2053042272.0,681712591.0,144.35,59.82,2463250.0,,,,,,
Lower middle income,2024.0,,,,,,OWID_LMC,4954377376.0,2053053994.0,681863964.0,144.35,59.82,6983.0,,,,,,
Luxembourg,2020.0,,,,,,LUX,1251.0,,,0.19,,400.0,,,,,,
Luxembourg,2021.0,,,,,,LUX,1076484.0,37868.0,208928.0,166.23,5.85,7216.0,,,,,,
Luxembourg,2022.0,,,,,,LUX,1371220.0,,455928.0,211.74,,6773.0,,,,,,
Luxembourg,2023.0,,,,,,LUX,1374547.0,462702.0,459119.0,212.25,71.45,105.0,,,,,,
Macao,2021.0,,,,,,MAC,972604.0,461609.0,,139.91,66.4,6788.0,,,,,,
Macao,2022.0,,,,,,MAC,1785391.0,638637.0,470250.0,256.82,91.87,6118.0,,,,,,
Macao,2023.0,,,,,,MAC,1802985.0,642266.0,481016.0,259.36,92.39,1594.0,,,,,,
Madagascar,2000.0,1.0,Plague (endemic),0.0,0.0,,,,,,,,,,,,,,
Madagascar,2017.0,1.0,Plague (pneumonic/bubonic),2417.0,209.0,8.6,,,,,,,,,,,,,
Madagascar,2018.0,1.0,Measles,244607.0,1080.0,0.4,,,,,,,,,,,,,
Madagascar,2021.0,,,,,,MDG,742069.0,541160.0,,2.51,1.83,10256.0,,,,,,
Madagascar,2022.0,,,,,,MDG,2426238.0,2024371.0,111274.0,8.19,6.84,12101.0,,,,,,
Madagascar,2023.0,,,,,,MDG,3092063.0,2628849.0,169187.0,10.44,8.88,6191.0,,,,,,
Malaria in Burundi,2021.0,,,,,,,,,,,,,0.0,1999,0.0,0.0,,0.0
Malawi,2001.0,1.0,Cholera,33000.0,960.0,2.9,,,,,,,,,,,,,
Malawi,2021.0,,,,,,MWI,1800908.0,705769.0,,8.83,3.46,21351.0,,,,,,
Malawi,2022.0,,,,,,MWI,6367571.0,3094056.0,509839.0,31.21,15.16,74568.0,,,,,,
Malawi,2023.0,,,,,,MWI,8503954.0,4288014.0,1232829.0,41.68,21.01,33091.0,,,,,,
Malaysia,2003.0,1.0,SARS,5.0,2.0,40.0,,,,,,,,,,,,,
Malaysia,2014.0,1.0,MERS,2.0,1.0,50.0,,,,,,,,,,,,,
Malaysia,2015.0,1.0,Dengue,120836.0,336.0,0.28,,,,,,,,,,,,,
Malaysia,2019.0,1.0,Dengue,130000.0,182.0,0.14,,,,,,,,,,,,,
Malaysia,2021.0,,,,,,MYS,57849311.0,25665445.0,6348428.0,170.45,75.62,550642.0,,,,,,
Malaysia,2022.0,,,,,,MYS,72357376.0,27536577.0,16915959.0,213.2,81.14,228855.0,,,,,,
Malaysia,2023.0,,,,,,MYS,72647030.0,27550625.0,17177061.0,214.06,81.18,8902.0,,,,,,
Malaysia,2024.0,,,,,,MYS,72657288.0,27551144.0,17185825.0,214.09,81.18,196.0,,,,,,
Maldives,2021.0,,,,,,MDV,790154.0,367450.0,25925.0,150.85,70.15,7843.0,,,,,,
Maldives,2022.0,,,,,,MDV,951419.0,385081.0,167187.0,181.64,73.52,3122.0,,,,,,
Maldives,2023.0,,,,,,MDV,951764.0,385167.0,167289.0,181.7,73.53,4.0,,,,,,
Mali,2014.0,1.0,Ebola Virus Disease,8.0,6.0,75.0,,,,,,,,,,,,,
Mali,2021.0,,,,,,MLI,1057653.0,392809.0,,4.68,1.74,31306.0,,,,,,
Mali,2022.0,,,,,,MLI,4468360.0,2673079.0,,19.78,11.83,58966.0,,,,,,
Mali,2023.0,,,,,,MLI,5922585.0,3633589.0,,26.21,16.08,21566.0,,,,,,
Malta,2021.0,,,,,,MLT,1072274.0,435874.0,,201.07,81.73,7557.0,,,,,,
Malta,2022.0,,,,,,MLT,1376966.0,471326.0,,258.2,88.38,8191.0,,,,,,
Malta,2023.0,,,,,,MLT,1407850.0,471562.0,491718.0,263.99,88.42,827.0,,,,,,
Malta,2024.0,,,,,,MLT,1408793.0,471565.0,492656.0,264.17,88.43,61.0,,,,,,
Mauritania,2021.0,,,,,,MRT,1937226.0,767082.0,,40.9,16.2,65422.0,,,,,,
Mauritania,2022.0,,,,,,MRT,4066473.0,1537298.0,382922.0,85.86,32.46,71816.0,,,,,,
Mauritania,2023.0,,,,,,MRT,4075874.0,1540597.0,383937.0,86.06,32.53,294.0,,,,,,
Mauritius,2021.0,,,,,,MUS,2036896.0,909900.0,,156.75,70.02,20570.0,,,,,,
Mauritius,2022.0,,,,,,MUS,2612729.0,1088142.0,639407.0,201.06,83.74,6463.0,,,,,,
Mauritius,2023.0,,,,,,MUS,2616012.0,1088142.0,654507.0,201.31,83.74,23.0,,,,,,
"Meningococcal disease in Francen(Update), United Kingdom (Update), Oman, Saudi ARabia, Netherlands",2021.0,,,,,,,,,,,,,0.0,2000,0.0,0.0,,0.0
Meningococcal disease in the African Meningitis Belt,2021.0,,,,,,,,,,,,,0.0,2001,0.0,0.0,,0.0
"Meningococcal disease, serogroup W135 - Update",2021.0,,,,,,,,,,,,,0.0,2001,0.0,0.0,,0.0
Mexico,2009.0,1.0,H1N1 Influenza Pandemic,70715.0,1316.0,1.86,,,,,,,,,,,,,
Mexico,2015.0,1.0,Zika Virus,10000.0,0.0,0.0,,,,,,,,,,,,,
Mexico,2019.0,1.0,Dengue,268458.0,191.0,0.07,,,,,,,,,,,,,
Mexico,2020.0,1.0,COVID-19,1426000.0,125800.0,8.8,MEX,24998.0,,,0.02,,3695.0,,,,,,
Mexico,2021.0,,,,,,MEX,148814260.0,72780356.0,,116.71,57.08,1648223.0,,,,,,
Mexico,2022.0,,,,,,MEX,223158993.0,81849962.0,57026630.0,175.02,64.19,995625.0,,,,,,
Micronesia,2007.0,1.0,Zika Virus,185.0,0.0,0.0,,,,,,,,,,,,,
Moldova,2021.0,,,,,,MDA,1776513.0,982152.0,,54.28,30.01,16176.0,,,,,,
Moldova,2022.0,,,,,,MDA,2266205.0,1073914.0,389262.0,69.24,32.81,6802.0,,,,,,
Moldova,2023.0,,,,,,MDA,2293086.0,1078961.0,406022.0,70.06,32.97,240.0,,,,,,
Monaco,2020.0,,,,,,MCO,0.0,,,0.0,,126.0,,,,,,
Monaco,2021.0,,,,,,MCO,65140.0,25667.0,10598.0,178.51,70.34,313.0,,,,,,
Mongolia,2003.0,1.0,SARS,9.0,0.0,0.0,,,,,,,,,,,,,
Mongolia,2021.0,,,,,,MNG,5340605.0,2163572.0,911049.0,157.15,63.66,125462.0,,,,,,
Mongolia,2022.0,,,,,,MNG,5492919.0,2175617.0,1044337.0,161.63,64.02,5276.0,,,,,,
Montenegro,2021.0,,,,,,MNE,634517.0,272853.0,77780.0,101.19,43.51,11277.0,,,,,,
Montenegro,2022.0,,,,,,MNE,679171.0,284869.0,101519.0,108.31,45.43,1508.0,,,,,,
Montserrat,2021.0,,,,,,MSR,3020.0,1472.0,,68.43,33.36,53.0,,,,,,
Montserrat,2022.0,,,,,,MSR,4619.0,1952.0,563.0,104.67,44.23,51.0,,,,,,
Morocco,2020.0,1.0,COVID-19,439000.0,7400.0,1.7,,,,,,,,,,,,,
Morocco,2021.0,,,,,,MAR,50265580.0,22994609.0,,134.19,61.39,401310.0,,,,,,
Morocco,2022.0,,,,,,MAR,55357504.0,23515876.0,6864954.0,147.79,62.78,76902.0,,,,,,
Morocco,2023.0,,,,,,MAR,55389602.0,23521989.0,6925973.0,147.87,62.8,504.0,,,,,,
Mozambique,2019.0,1.0,Cholera (post-Cyclone Idai),7000.0,8.0,0.1,,,,,,,,,,,,,
Mozambique,2021.0,,,,,,MOZ,14718782.0,6084817.0,,44.64,18.46,257780.0,,,,,,
Mozambique,2022.0,,,,,,MOZ,29140427.0,18448526.0,990832.0,88.39,55.96,588728.0,,,,,,
Mozambique,2023.0,,,,,,MOZ,34950858.0,21329745.0,2323562.0,106.01,64.7,98058.0,,,,,,
Myanmar,2007.0,1.0,H5N1 Avian Influenza,1.0,0.0,0.0,,,,,,,,,,,,,
Myanmar,2021.0,,,,,,MMR,31859036.0,13029777.0,,58.8,24.05,366806.0,,,,,,
Myanmar,2022.0,,,,,,MMR,64549994.0,27545329.0,2227351.0,119.14,50.84,288235.0,,,,,,
Myanmar,2023.0,,,,,,MMR,93477104.0,35937796.0,15987381.0,172.53,66.33,78317.0,,,,,,
Namibia,2021.0,,,,,,NAM,630212.0,283758.0,,24.55,11.05,6202.0,,,,,,
Namibia,2022.0,,,,,,NAM,972893.0,526072.0,102231.0,37.9,20.49,16348.0,,,,,,
Namibia,2023.0,,,,,,NAM,1005937.0,550978.0,298560.0,39.19,21.46,267.0,,,,,,
Nauru,2021.0,,,,,,NRU,14863.0,7251.0,,117.11,57.13,560.0,,,,,,
Nauru,2022.0,,,,,,NRU,25172.0,8585.0,5065.0,198.35,67.65,293.0,,,,,,
Nauru,2023.0,,,,,,NRU,32157.0,11346.0,7705.0,253.38,89.4,55.0,,,,,,
Nepal,2021.0,,,,,,NPL,21988516.0,9737333.0,,71.98,31.88,226872.0,,,,,,
Nepal,2022.0,,,,,,NPL,60184003.0,24057021.0,8674375.0,197.02,78.75,567406.0,,,,,,
Nepal,2023.0,,,,,,NPL,62627629.0,24471043.0,10273390.0,205.02,80.11,27556.0,1.0,Measles,0.0,0.0,,1.0
Netherlands,2014.0,1.0,MERS,2.0,0.0,0.0,,,,,,,,,,,,,
Netherlands,2020.0,1.0,COVID-19,809000.0,11500.0,1.4,,,,,,,,,,,,,
Netherlands,2021.0,,,,,,NLD,28006524.0,11587823.0,4618188.0,159.45,65.97,229840.0,,,,,,
Netherlands,2022.0,,,,,,NLD,39558523.0,11764835.0,9392949.0,225.22,66.98,267180.0,,,,,,
Netherlands,2023.0,,,,,,NLD,39764182.0,11768644.0,9416761.0,226.4,67.0,7160.0,,,,,,
New Caledonia,2021.0,,,,,,NCL,355717.0,173231.0,,122.68,59.74,5037.0,,,,,,
New Caledonia,2022.0,,,,,,NCL,469996.0,184123.0,94201.0,162.09,63.5,12978.0,,,,,,
New Caledonia,2023.0,,,,,,NCL,480702.0,184816.0,103511.0,165.78,63.74,508.0,,,,,,
New Zealand,2003.0,1.0,SARS,1.0,0.0,0.0,,,,,,,,,,,,,
New Zealand,2009.0,1.0,H1N1 Influenza Pandemic,3199.0,50.0,1.56,,,,,,,,,,,,,
New Zealand,2021.0,,,,,,NZL,8185416.0,3856157.0,358017.0,157.86,74.37,81486.0,,,,,,
New Zealand,2022.0,,,,,,NZL,11956243.0,4138492.0,3517953.0,230.58,79.81,59903.0,,,,,,
New Zealand,2023.0,,,,,,NZL,12346898.0,4291717.0,3660870.0,238.11,82.77,13231.0,,,,,,
New Zealand,2024.0,,,,,,NZL,13398398.0,,4944676.0,258.39,,4474.0,,,,,,
Nicaragua,2010.0,1.0,Dengue,53000.0,14.0,0.03,,,,,,,,,,,,,
Nicaragua,2021.0,,,,,,NIC,7785141.0,2905785.0,,112.04,41.82,311302.0,,,,,,
Nicaragua,2022.0,,,,,,NIC,12098543.0,5930968.0,,174.12,85.36,38528.0,,,,,,
Nicaragua,2023.0,,,,,,NIC,15507763.0,6126708.0,2892531.0,223.18,88.17,425219.0,,,,,,
Niger,2015.0,1.0,Meningococcal Meningitis (serogroup C),6179.0,423.0,6.8,,,,,,,,,,,,,
Niger,2021.0,,,,,,NER,971636.0,464413.0,,3.71,1.77,25351.0,,,,,,
Niger,2022.0,,,,,,NER,7187711.0,5308074.0,,27.43,20.25,178386.0,,,,,,
Niger,2023.0,,,,,,NER,7372208.0,5483001.0,,28.13,20.92,2318.0,,,,,,
Nigeria,2007.0,1.0,H5N1 Avian Influenza,1.0,1.0,100.0,,,,,,,,,,,,,
Nigeria,2010.0,1.0,Cholera,41787.0,1716.0,4.1,,,,,,,,,,,,,
Nigeria,2014.0,1.0,Ebola Virus Disease,20.0,8.0,40.0,,,,,,,,,,,,,
Nigeria,2017.0,1.0,Yellow Fever,2000.0,45.0,,,,,,,,,,,,,,
Nigeria,2018.0,2.0,"Cholera,Lassa Fever",44419.0,942.0,13.5,,,,,,,,,,,,,
Nigeria,2019.0,1.0,Lassa Fever,796.0,158.0,19.8,,,,,,,,,,,,,
Nigeria,2020.0,1.0,Lassa Fever,1165.0,158.0,13.6,,,,,,,,,,,,,
Nigeria,2021.0,,,,,,NGA,14838199.0,4482899.0,,6.79,2.05,183486.0,,,,,,
Nigeria,2022.0,,,,,,NGA,102292641.0,59867077.0,8311272.0,46.81,27.39,491996.0,,,,,,
Nigeria,2023.0,,,,,,NGA,133048021.0,81297808.0,16826715.0,60.88,37.2,205727.0,,,,,,
Niue,2021.0,,,,,,NIU,2628.0,1150.0,,134.63,58.91,87.0,,,,,,
Niue,2022.0,,,,,,NIU,4920.0,1634.0,1224.0,252.05,83.71,67.0,,,,,,
Niue,2023.0,,,,,,NIU,4923.0,1635.0,1225.0,252.2,83.76,0.0,,,,,,
North America,2020.0,,,,,,OWID_NAM,5837535.0,47243.0,,0.97,0.01,419343.0,,,,,,
North America,2021.0,,,,,,OWID_NAM,841887464.0,352740617.0,91239812.0,140.24,58.76,4205266.0,,,,,,
North America,2022.0,,,,,,OWID_NAM,1133163485.0,392672074.0,247401931.0,188.76,65.41,2487718.0,,,,,,
North America,2023.0,,,,,,OWID_NAM,1157420227.0,394472170.0,255636347.0,192.8,65.71,506912.0,,,,,,
North America,2024.0,,,,,,OWID_NAM,1158547416.0,394493922.0,256264817.0,192.99,65.71,16192.0,,,,,,
North Macedonia,2021.0,,,,,,MKD,1755026.0,816777.0,95378.0,83.83,39.01,15628.0,,,,,,
North Macedonia,2022.0,,,,,,MKD,1862610.0,838048.0,161561.0,88.97,40.03,1666.0,,,,,,
North Macedonia,2023.0,,,,,,MKD,1862987.0,838181.0,161633.0,88.98,40.04,5.0,,,,,,
Northern Cyprus,2021.0,,,,,,OWID_CYN,617389.0,275988.0,80243.0,161.27,72.09,6011.0,,,,,,
Northern Cyprus,2022.0,,,,,,OWID_CYN,861519.0,313067.0,,225.04,81.78,655.0,,,,,,
Northern Ireland,2021.0,,,,,,OWID_NIR,3520286.0,1296530.0,824686.0,185.67,68.38,23766.0,,,,,,
Northern Ireland,2022.0,,,,,,OWID_NIR,4468643.0,1359891.0,2110787.0,235.69,71.72,11733.0,,,,,,
Northern Ireland,2023.0,,,,,,OWID_NIR,4600649.0,1361003.0,2234611.0,242.65,71.78,4130.0,,,,,,
Norway,2020.0,,,,,,NOR,2422.0,,,0.04,,330.0,,,,,,
Norway,2021.0,,,,,,NOR,9789464.0,3929338.0,1567724.0,180.14,72.31,69148.0,,,,,,
Norway,2022.0,,,,,,NOR,12145560.0,4054726.0,3743839.0,223.5,74.61,55405.0,,,,,,
Oceania,2021.0,,,,,,OWID_OCE,54154964.0,25111157.0,2738373.0,120.24,55.75,386459.0,,,,,,
Oceania,2022.0,,,,,,OWID_OCE,80642744.0,27859298.0,23829284.0,179.05,61.86,340740.0,,,,,,
Oceania,2023.0,,,,,,OWID_OCE,87307312.0,28072902.0,24117145.0,193.85,62.33,39960.0,,,,,,
Oceania,2024.0,,,,,,OWID_OCE,88358812.0,28072902.0,25400951.0,196.18,62.33,4474.0,,,,,,
Oman,2013.0,1.0,MERS,26.0,8.0,31.0,,,,,,,,,,,,,
Oman,2020.0,,,,,,OMN,6516.0,,,0.14,,1663.0,,,,,,
Oman,2021.0,,,,,,OMN,6118018.0,2902254.0,32412.0,133.69,63.42,61172.0,,,,,,
Oman,2022.0,,,,,,OMN,7108547.0,3048826.0,779859.0,155.33,66.62,16068.0,,,,,,
Pakistan,2007.0,1.0,H5N1 Avian Influenza,3.0,1.0,33.3,,,,,,,,,,,,,
Pakistan,2011.0,1.0,Dengue,22562.0,363.0,1.61,,,,,,,,,,,,,
Pakistan,2019.0,1.0,Dengue,50000.0,75.0,0.15,,,,,,,,,,,,,
Pakistan,2020.0,1.0,COVID-19,482000.0,10200.0,2.1,,,,,,,,,,,,,
Pakistan,2021.0,,,,,,PAK,156623021.0,70576467.0,,66.41,29.93,1394785.0,,,,,,
Pakistan,2022.0,,,,,,PAK,317080887.0,131368973.0,48935695.0,134.46,55.71,2175773.0,1.0,HIV cases,0.0,0.0,,1.0
Pakistan,2023.0,,,,,,PAK,340974144.0,140475871.0,53152375.0,144.59,59.57,809953.0,,,,,,
Palestine,2021.0,,,,,,PSE,3383211.0,1515699.0,2779.0,64.44,28.87,41850.0,,,,,,
Palestine,2022.0,,,,,,PSE,3748571.0,1776973.0,336967.0,71.4,33.85,6173.0,,,,,,
Panama,2015.0,1.0,Zika Virus,5000.0,0.0,0.0,,,,,,,,,,,,,
Panama,2021.0,,,,,,PAN,6193744.0,2804103.0,268839.0,140.49,63.61,71750.0,,,,,,
Panama,2022.0,,,,,,PAN,8688567.0,3162983.0,2007170.0,197.08,71.75,43201.0,,,,,,
Panama,2023.0,,,,,,PAN,8893001.0,3174155.0,2033783.0,201.72,72.0,3815.0,,,,,,
Papua New Guinea,2021.0,,,,,,PNG,504018.0,220103.0,,4.97,2.17,5196.0,,,,,,
Papua New Guinea,2022.0,,,,,,PNG,700257.0,304687.0,30676.0,6.9,3.0,1866.0,,,,,,
Papua New Guinea,2023.0,,,,,,PNG,737695.0,321192.0,34483.0,7.27,3.17,589.0,,,,,,
Paraguay,2013.0,1.0,Dengue,70000.0,35.0,0.05,,,,,,,,,,,,,
Paraguay,2021.0,,,,,,PRY,6833614.0,2948027.0,415766.0,100.78,43.48,90584.0,,,,,,
Paraguay,2022.0,,,,,,PRY,9486776.0,3530179.0,1981259.0,139.91,52.06,30476.0,,,,,,
Paraguay,2023.0,,,,,,PRY,9745545.0,3546685.0,2204922.0,143.72,52.31,4694.0,,,,,,
Peru,2009.0,1.0,H1N1 Influenza Pandemic,9165.0,223.0,2.43,,,,,,,,,,,,,
Peru,2016.0,,,,,,,,,,,,,1.0,Zika virus infection,0.0,0.0,,0.0
Peru,2020.0,1.0,COVID-19,1015000.0,37700.0,3.7,,,,,,,,,,,,,
Peru,2021.0,,,,,,PER,51093638.0,22085966.0,4168348.0,150.06,64.86,390093.0,,,,,,
Peru,2022.0,,,,,,PER,86772984.0,28445741.0,28087834.0,254.84,83.54,296933.0,,,,,,
Peru,2023.0,,,,,,PER,91412580.0,28709644.0,32139228.0,268.47,84.32,33298.0,,,,,,
Philippines,2003.0,1.0,SARS,14.0,2.0,14.3,,,,,,,,,,,,,
Philippines,2015.0,1.0,MERS,2.0,0.0,0.0,,,,,,,,,,,,,
Philippines,2016.0,1.0,Dengue,176411.0,680.0,0.39,,,,,,,,,,,,,
Philippines,2019.0,1.0,Dengue,420000.0,1565.0,0.38,,,,,,,,,,,,,
Philippines,2020.0,1.0,COVID-19,476000.0,9300.0,2.0,,,,,,,,,,,,,
Philippines,2021.0,,,,,,PHL,108534301.0,49626439.0,1786975.0,93.92,42.94,1629125.0,,,,,,
Philippines,2022.0,,,,,,PHL,169779996.0,73920177.0,21318580.0,146.92,63.97,797265.0,,,,,,
Philippines,2023.0,,,,,,PHL,189317158.0,78443972.0,23811248.0,163.83,67.88,1862695.0,,,,,,
Pitcairn,2021.0,,,,,,PCN,94.0,47.0,,200.0,100.0,1.0,,,,,,
Pitcairn,2022.0,,,,,,PCN,117.0,47.0,23.0,248.94,100.0,0.0,,,,,,
Plague in Malawi,2021.0,,,,,,,,,,,,,0.0,1999,0.0,0.0,,0.0
Poland,2009.0,1.0,H1N1 Influenza Pandemic,2024.0,181.0,8.94,,,,,,,,,,,,,
Poland,2020.0,1.0,COVID-19,1305000.0,28600.0,2.2,POL,47600.0,,,0.12,,17150.0,,,,,,
Poland,2021.0,,,,,,POL,46987401.0,21046400.0,6865164.0,117.89,52.8,341329.0,,,,,,
Poland,2022.0,,,,,,POL,57786691.0,22623876.0,15184383.0,144.98,56.76,194305.0,,,,,,
Poland,2023.0,,,,,,POL,58032403.0,22649355.0,15394535.0,145.6,56.83,4813.0,,,,,,
Portugal,2020.0,1.0,COVID-19,428000.0,7100.0,1.7,,,,,,,,,,,,,
Portugal,2021.0,,,,,,PRT,20043506.0,8540366.0,3140672.0,195.15,83.15,152591.0,,,,,,
Portugal,2022.0,,,,,,PRT,28058542.0,8904796.0,7038928.0,273.19,86.7,91262.0,,,,,,
Portugal,2023.0,,,,,,PRT,28314797.0,8909769.0,7086326.0,275.68,86.75,9485.0,,,,,,
Puerto Rico (US),2015.0,1.0,Zika Virus,40000.0,1.0,,,,,,,,,,,,,,
Qatar,2012.0,1.0,MERS,28.0,10.0,36.0,,,,,,,,,,,,,
Qatar,2020.0,,,,,,QAT,0.0,,,0.0,,1351.0,,,,,,
Qatar,2021.0,,,,,,QAT,5205664.0,2218292.0,,193.15,82.31,37344.0,,,,,,
Qatar,2022.0,,,,,,QAT,7601367.0,2850158.0,1901050.0,282.04,105.75,28774.0,,,,,,
Qatar,2023.0,,,,,,QAT,7609178.0,2852178.0,1904822.0,282.33,105.83,157.0,,,,,,
Republic of Congo,2001.0,1.0,Ebola Virus Disease,57.0,43.0,75.0,,,,,,,,,,,,,
Republic of Congo,2002.0,1.0,Ebola Virus Disease,143.0,128.0,90.0,,,,,,,,,,,,,
Republic of Congo,2003.0,1.0,Ebola Virus Disease,35.0,29.0,83.0,,,,,,,,,,,,,
Republic of Congo,2005.0,1.0,Ebola Virus Disease,12.0,10.0,83.0,,,,,,,,,,,,,
Republic of Korea,2015.0,,,,,,,,,,,,,1.0,Middle East respiratory syndrome coronavirus,0.0,0.0,,0.0
Romania,2003.0,1.0,SARS,1.0,0.0,0.0,,,,,,,,,,,,,
Romania,2020.0,1.0,COVID-19,632000.0,15700.0,2.5,ROU,10289.0,,,0.05,,2331.0,,,,,,
Romania,2021.0,,,,,,ROU,15824909.0,7817215.0,,80.5,39.76,131697.0,,,,,,
Romania,2022.0,,,,,,ROU,16827486.0,8114769.0,,85.6,41.28,29841.0,,,,,,
Romania,2023.0,,,,,,ROU,,,,,,,,,,,,
Russia,2003.0,1.0,SARS,1.0,0.0,0.0,,,,,,,,,,,,,
Russia,2009.0,1.0,H1N1 Influenza Pandemic,25339.0,604.0,2.38,,,,,,,,,,,,,
Russia,2020.0,1.0,COVID-19,3159000.0,57000.0,1.8,RUS,52000.0,,,0.04,,68000.0,,,,,,
Russia,2021.0,,,,,,RUS,146364014.0,66773441.0,7382067.0,101.14,46.14,1020075.0,,,,,,
Russia,2022.0,,,,,,RUS,183889038.0,78929790.0,19528894.0,127.07,54.54,537979.0,,,,,,
Russia,2023.0,,,,,,RUS,187374508.0,79702396.0,20829310.0,129.48,55.08,106949.0,,,,,,
Rwanda,2021.0,,,,,,RWA,12588963.0,5435180.0,,91.38,39.45,139418.0,,,,,,
Rwanda,2022.0,,,,,,RWA,26106436.0,9274948.0,5879013.0,189.5,67.32,370105.0,,,,,,
Rwanda,2023.0,,,,,,RWA,27322059.0,10399665.0,5879013.0,198.32,75.49,7894.0,,,,,,
Saint Helena,2021.0,,,,,,SHN,7892.0,3531.0,,146.12,65.38,165.0,,,,,,
Saint Kitts and Nevis,2021.0,,,,,,KNA,54868.0,25619.0,1634.0,115.07,53.73,894.0,,,,,,
Saint Kitts and Nevis,2022.0,,,,,,KNA,64297.0,27000.0,3503.0,134.85,56.63,254.0,,,,,,
Saint Lucia,2021.0,,,,,,LCA,104994.0,49313.0,,58.37,27.42,1912.0,,,,,,
Saint Lucia,2022.0,,,,,,LCA,122977.0,54971.0,7866.0,68.37,30.56,978.0,,,,,,
Saint Vincent and the Grenadines,2021.0,,,,,,VCT,61198.0,26244.0,,58.87,25.24,889.0,,,,,,
Saint Vincent and the Grenadines,2022.0,,,,,,VCT,72979.0,31445.0,4203.0,70.2,30.25,227.0,,,,,,
Saint Vincent and the Grenadines,2023.0,,,,,,VCT,73443.0,31632.0,4279.0,70.65,30.43,9.0,,,,,,
Samoa,2019.0,1.0,Measles,5700.0,83.0,1.5,,,,,,,,,,,,,
Samoa,2021.0,,,,,,WSM,263189.0,121765.0,,118.35,54.75,3269.0,,,,,,
Samoa,2022.0,,,,,,WSM,448784.0,177651.0,79061.0,201.8,79.88,4590.0,,,,,,
Samoa,2023.0,,,,,,WSM,453083.0,177954.0,82268.0,203.73,80.02,248.0,,,,,,
San Marino,2021.0,,,,,,SMR,53942.0,21625.0,,160.11,64.19,725.0,,,,,,
San Marino,2022.0,,,,,,SMR,69338.0,23633.0,19348.0,205.81,70.15,342.0,,,,,,
Sao Tome and Principe,2021.0,,,,,,STP,137612.0,51216.0,,60.52,22.52,2448.0,,,,,,
Sao Tome and Principe,2022.0,,,,,,STP,228291.0,103963.0,33180.0,100.39,45.72,1275.0,,,,,,
Sao Tome and Principe,2023.0,,,,,,STP,263863.0,111986.0,34624.0,116.04,49.25,352.0,,,,,,
Saudi Arabia,2000.0,1.0,Rift Valley Fever,516.0,87.0,17.0,,,,,,,,,,,,,
Saudi Arabia,2009.0,1.0,H1N1 Influenza Pandemic,14500.0,128.0,0.88,,,,,,,,,,,,,
Saudi Arabia,2012.0,1.0,MERS,2224.0,868.0,39.0,,,,,,,,,,,,,
Saudi Arabia,2020.0,1.0,COVID-19,363000.0,6300.0,1.7,,,,,,,,,,,,,
Saudi Arabia,2021.0,,,,,,SAU,50894142.0,23180879.0,2696173.0,139.79,63.67,402957.0,,,,,,
Saudi Arabia,2022.0,,,,,,SAU,60953969.0,24199236.0,10793985.0,167.42,66.47,260084.0,1.0,Middle East Respiratory Syndrome Coronavirus,0.0,0.0,,0.0
Saudi Arabia,2023.0,,,,,,SAU,68534631.0,25433941.0,,188.24,69.86,18006.0,,,,,,
Scotland,2021.0,,,,,,OWID_SCT,11392828.0,4017043.0,2992576.0,208.43,73.49,71226.0,,,,,,
Scotland,2022.0,,,,,,OWID_SCT,13014285.0,4285946.0,3594835.0,238.1,78.41,23820.0,,,,,,
Senegal,2014.0,1.0,Ebola Virus Disease,1.0,0.0,0.0,,,,,,,,0.0,Ebola virus disease update,0.0,0.0,,0.0
Senegal,2021.0,,,,,,SEN,1903098.0,918359.0,,10.99,5.3,41586.0,,,,,,
Senegal,2022.0,,,,,,SEN,2709648.0,1356436.0,616751.0,15.65,7.83,7495.0,,,,,,
Senegal,2023.0,,,,,,SEN,3179647.0,1546628.0,815965.0,18.36,8.93,3602.0,,,,,,
Serbia,2021.0,,,,,,SRB,8239799.0,3207534.0,1723108.0,119.91,46.68,64449.0,,,,,,
Serbia,2022.0,,,,,,SRB,8534688.0,3278198.0,1902412.0,124.2,47.71,11564.0,,,,,,
Seychelles,2021.0,,,,,,SYC,183472.0,78263.0,,171.25,73.05,2401.0,,,,,,
Seychelles,2022.0,,,,,,SYC,219489.0,81661.0,44705.0,204.87,76.22,347.0,,,,,,
Seychelles,2023.0,,,,,,SYC,224558.0,83565.0,44936.0,209.6,78.0,82.0,,,,,,
Sierra Leone,2012.0,1.0,Cholera,21500.0,290.0,1.3,,,,,,,,,,,,,
Sierra Leone,2014.0,1.0,Ebola Virus Disease,14124.0,3956.0,28.0,,,,,,,,,,,,,
Sierra Leone,2021.0,,,,,,SLE,868726.0,361089.0,,10.09,4.2,20002.0,,,,,,
Sierra Leone,2022.0,,,,,,SLE,6158679.0,3445251.0,346412.0,71.56,40.03,60860.0,,,,,,
Sierra Leone,2023.0,,,,,,SLE,9155936.0,4961886.0,1201709.0,106.39,57.66,31530.0,,,,,,
Singapore,2003.0,1.0,SARS,238.0,33.0,13.9,,,,,,,,,,,,,
Singapore,2013.0,1.0,Dengue,22170.0,8.0,0.04,,,,,,,,,,,,,
Singapore,2020.0,1.0,Dengue,35315.0,32.0,0.09,SGP,619.0,46.0,,0.01,0.0,52.0,,,,,,
Singapore,2021.0,,,,,,SGP,11795254.0,4684521.0,2201705.0,209.25,83.1,75745.0,,,,,,
Singapore,2022.0,,,,,,SGP,14727569.0,5114856.0,4440289.0,261.27,90.74,49707.0,,,,,,
Singapore,2023.0,,,,,,SGP,,5120969.0,,,90.85,,,,,,,
Sint Maarten (Dutch part),2021.0,,,,,,SXM,52304.0,25163.0,,118.36,56.94,424.0,,,,,,
Sint Maarten (Dutch part),2022.0,,,,,,SXM,65515.0,26658.0,9069.0,148.25,60.32,892.0,,,,,,
Sint Maarten (Dutch part),2023.0,,,,,,SXM,66829.0,26773.0,9146.0,151.22,60.58,9.0,,,,,,
Situation in Toronto,2021.0,,,,,,,,,,,,,0.0,Update 65,0.0,0.0,,0.0
Slovakia,2021.0,,,,,,SVK,5000849.0,2451335.0,121474.0,88.61,43.44,35902.0,,,,,,
Slovakia,2022.0,,,,,,SVK,5754313.0,2577827.0,684026.0,101.96,45.68,24678.0,,,,,,
Slovenia,2020.0,,,,,,SVN,11490.0,,,0.54,,1686.0,,,,,,
Slovenia,2021.0,,,,,,SVN,2761948.0,1188990.0,467389.0,130.29,56.09,19121.0,,,,,,
Slovenia,2022.0,,,,,,SVN,2996643.0,1222225.0,657967.0,141.36,57.66,8985.0,,,,,,
Solomon Islands,2021.0,,,,,,SLB,235918.0,55945.0,,32.57,7.72,2317.0,,,,,,
Solomon Islands,2022.0,,,,,,SLB,625956.0,254352.0,27783.0,86.43,35.12,11404.0,,,,,,
Somalia,2006.0,1.0,Rift Valley Fever,114.0,51.0,45.0,,,,,,,,,,,,,
Somalia,2017.0,1.0,Cholera,78000.0,1150.0,1.5,,,,,,,,,,,,,
Somalia,2021.0,,,,,,SOM,1504914.0,810010.0,,8.55,4.6,34098.0,,,,,,
Somalia,2022.0,,,,,,SOM,8520930.0,6324409.0,,48.42,35.94,111118.0,,,,,,
Somalia,2023.0,,,,,,SOM,10555834.0,7666835.0,28134.0,59.98,43.57,18673.0,,,,,,
South Africa,2003.0,1.0,SARS,1.0,1.0,100.0,,,,,,,,,,,,,
South Africa,2008.0,1.0,Cholera,12000.0,59.0,0.5,,,,,,,,,,,,,
South Africa,2009.0,1.0,H1N1 Influenza Pandemic,12640.0,93.0,0.74,,,,,,,,,,,,,
South Africa,2020.0,1.0,COVID-19,1057000.0,28500.0,2.7,,,,,,,,,,,,,
South Africa,2021.0,,,,,,ZAF,27903338.0,15833594.0,,46.59,26.44,241230.0,,,,,,
South Africa,2022.0,,,,,,ZAF,38050611.0,21038797.0,3877516.0,63.53,35.13,85634.0,,,,,,
South Africa,2023.0,,,,,,ZAF,41798812.0,21038797.0,4410601.0,69.79,35.13,26042.0,,,,,,
South America,2020.0,,,,,,OWID_SAM,52051.0,7.0,1.0,0.01,0.0,21499.0,,,,,,
South America,2021.0,,,,,,OWID_SAM,652118543.0,276222588.0,54921472.0,149.29,63.24,3607374.0,,,,,,
South America,2022.0,,,,,,OWID_SAM,944039435.0,335107415.0,244676881.0,216.12,76.72,2902137.0,,,,,,
South America,2023.0,,,,,,OWID_SAM,964730737.0,337117943.0,257239743.0,220.85,77.18,393353.0,,,,,,
South America,2024.0,,,,,,OWID_SAM,964991405.0,337117943.0,257493475.0,220.91,77.18,16962.0,,,,,,
South Korea,2003.0,1.0,SARS,3.0,0.0,0.0,,,,,,,,,,,,,
South Korea,2009.0,1.0,H1N1 Influenza Pandemic,107939.0,250.0,0.23,,,,,,,,,,,,,
South Korea,2015.0,1.0,MERS,186.0,38.0,20.4,,,,,,,,,,,,,
South Korea,2020.0,1.0,COVID-19,61800.0,917.0,1.5,,,,,,,,,,,,,
South Korea,2021.0,,,,,,KOR,103955630.0,42319015.0,18487659.0,200.63,81.67,881020.0,,,,,,
South Korea,2022.0,,,,,,KOR,129647782.0,44351863.0,41325954.0,250.21,85.6,545956.0,,,,,,
South Korea,2023.0,,,,,,KOR,,44372679.0,,,85.64,,,,,,,
South Sudan,2004.0,1.0,Ebola Virus Disease (Sudan),17.0,7.0,41.0,,,,,,,,,,,,,
South Sudan,2014.0,1.0,Cholera,20000.0,500.0,2.5,,,,,,,,,,,,,
South Sudan,2021.0,,,,,,SSD,268640.0,181577.0,,2.46,1.66,4779.0,,,,,,
South Sudan,2022.0,,,,,,SSD,2310167.0,2210238.0,,21.17,20.25,23530.0,,,,,,
South Sudan,2023.0,,,,,,SSD,4365547.0,4273253.0,513122.0,40.0,39.16,97376.0,,,,,,
Spain,2003.0,1.0,SARS,1.0,0.0,0.0,,,,,,,,,,,,,
Spain,2009.0,1.0,H1N1 Influenza Pandemic,1538.0,300.0,19.5,,,,,,,,,,,,,
Spain,2014.0,1.0,Ebola Virus Disease,1.0,0.0,0.0,,,,,,,,,,,,,
Spain,2020.0,1.0,COVID-19,1928000.0,50700.0,2.6,,,,,,,,,,,,,
Spain,2021.0,,,,,,ESP,83529796.0,37869504.0,13743032.0,175.64,79.63,670109.0,,,,,,
Spain,2022.0,,,,,,ESP,104186558.0,40719958.0,26389932.0,219.07,85.62,288995.0,,,,,,
Spain,2023.0,,,,,,ESP,105840320.0,40739123.0,26559282.0,222.55,85.66,46692.0,,,,,,
Sri Lanka,2017.0,1.0,Dengue,186101.0,440.0,0.24,,,,,,,,,,,,,
Sri Lanka,2021.0,,,,,,LKA,33841264.0,13843044.0,4006720.0,155.01,63.41,475620.0,,,,,,
Sri Lanka,2022.0,,,,,,LKA,40116590.0,14752827.0,8220002.0,183.75,67.57,127606.0,,,,,,
Sudan,2012.0,1.0,Yellow Fever,847.0,171.0,20.0,,,,,,,,,,,,,
Sudan,2021.0,,,,,,SDN,3276654.0,1234386.0,,6.99,2.63,33000.0,,,,,,
Sudan,2022.0,,,,,,SDN,13711970.0,8302878.0,922458.0,29.25,17.71,159116.0,,,,,,
Sudan,2023.0,,,,,,SDN,22598737.0,13416394.0,3891363.0,48.21,28.62,146536.0,,,,,,
Suriname,2015.0,1.0,Zika Virus,3000.0,0.0,0.0,,,,,,,,,,,,,
Suriname,2021.0,,,,,,SUR,489798.0,228253.0,,79.25,36.93,6238.0,,,,,,
Suriname,2022.0,,,,,,SUR,505699.0,237879.0,48889.0,81.82,38.49,397.0,,,,,,
Sweden,2003.0,1.0,SARS,5.0,0.0,0.0,,,,,,,,,,,,,
Sweden,2020.0,1.0,COVID-19,437000.0,9400.0,2.2,,,,,,,,,,,,,
Sweden,2021.0,,,,,,SWE,17617810.0,7256183.0,,167.0,68.78,110659.0,,,,,,
Sweden,2022.0,,,,,,SWE,25511046.0,7590411.0,9643313.0,241.83,71.95,78216.0,,,,,,
Sweden,2023.0,,,,,,SWE,28237824.0,7593676.0,9836355.0,267.67,71.98,69666.0,,,,,,
Sweden,2024.0,,,,,,SWE,28312817.0,,,268.38,,2799.0,,,,,,
Switzerland,2003.0,1.0,SARS,1.0,0.0,0.0,,,,,,,,,,,,,
Switzerland,2020.0,1.0,COVID-19,448000.0,7600.0,1.7,CHE,6382.0,,,0.07,,814.0,,,,,,
Switzerland,2021.0,,,,,,CHE,13846441.0,,2202913.0,158.42,,92595.0,,,,,,
Switzerland,2022.0,,,,,,CHE,16877061.0,,4838672.0,193.09,,70749.0,,,,,,
Switzerland,2023.0,,,,,,CHE,16940716.0,,4885838.0,193.82,,1837.0,,,,,,
Syria,2021.0,,,,,,SYR,1753522.0,781603.0,,7.93,3.53,90157.0,,,,,,
Syria,2022.0,,,,,,SYR,4940436.0,2226318.0,75881.0,22.33,10.06,90157.0,,,,,,
Syria,2023.0,,,,,,SYR,5090630.0,2358365.0,75881.0,23.01,10.66,1298.0,,,,,,
Taiwan,2003.0,1.0,SARS,346.0,73.0,21.1,,,,,,,,,,,,,
Taiwan,2021.0,,,,,,TWN,34872136.0,16159278.0,158706.0,145.95,67.63,397707.0,,,,,,
Taiwan,2022.0,,,,,,TWN,64721772.0,20627469.0,22264439.0,270.88,86.33,585216.0,,,,,,
Taiwan,2023.0,,,,,,TWN,68158988.0,20793089.0,25466659.0,285.26,87.02,54323.0,,,,,,
Tajikistan,2021.0,,,,,,TJK,6605225.0,2895535.0,,66.37,29.09,88171.0,,,,,,
Tajikistan,2022.0,,,,,,TJK,18871161.0,5170582.0,5200841.0,189.61,51.95,65092.0,,,,,,
Tajikistan,2023.0,,,,,,TJK,20568163.0,5191919.0,5322496.0,206.66,52.17,9091.0,,,,,,
Tanzania,2007.0,1.0,Rift Valley Fever,264.0,109.0,41.0,,,,,,,,,,,,,
Tanzania,2015.0,1.0,Cholera,33421.0,542.0,1.6,,,,,,,,,,,,,
Tanzania,2021.0,,,,,,TZA,2431769.0,1646261.0,,3.71,2.51,33284.0,,,,,,
Tanzania,2022.0,,,,,,TZA,35994687.0,29270881.0,7171363.0,54.96,44.69,263699.0,,,,,,
Tanzania,2023.0,,,,,,TZA,39392419.0,32165791.0,,60.14,49.11,68686.0,,,,,,
Thailand,2003.0,1.0,SARS,9.0,2.0,22.2,,,,,,,,,,,,,
Thailand,2004.0,1.0,H5N1 Avian Influenza,25.0,17.0,68.0,,,,,,,,,,,,,
Thailand,2009.0,1.0,H1N1 Influenza Pandemic,31902.0,249.0,0.78,,,,,,,,,,,,,
Thailand,2013.0,1.0,Dengue,150000.0,133.0,0.09,,,,,,,,,,,,,
Thailand,2015.0,2.0,"MERS,Dengue",144001.0,141.0,0.05,,,,,,,,,,,,,
Thailand,2021.0,,,,,,THA,105160269.0,46319204.0,7430561.0,146.67,64.6,846179.0,,,,,,
Thailand,2022.0,,,,,,THA,142635014.0,53486086.0,32143431.0,198.94,74.6,473154.0,,,,,,
Timor,2021.0,,,,,,TLS,1195990.0,533027.0,,89.17,39.74,11248.0,,,,,,
Timor,2022.0,,,,,,TLS,1984560.0,790466.0,315249.0,147.96,58.93,7358.0,,,,,,
Timor,2023.0,,,,,,TLS,2028798.0,801759.0,340201.0,151.26,59.77,898.0,,,,,,
Togo,2021.0,,,,,,TGO,2413619.0,1020872.0,,27.28,11.54,37978.0,,,,,,
Togo,2022.0,,,,,,TGO,3396543.0,1456018.0,427804.0,38.38,16.45,5901.0,,,,,,
Togo,2023.0,,,,,,TGO,3423181.0,1554066.0,427804.0,38.69,17.56,162.0,,,,,,
Tokelau,2021.0,,,,,,TKL,1936.0,968.0,,102.27,51.14,23.0,,,,,,
Tokelau,2022.0,,,,,,TKL,5374.0,2203.0,968.0,283.89,116.38,62.0,,,,,,
Tonga,2021.0,,,,,,TON,130236.0,56627.0,,121.87,52.99,2026.0,,,,,,
Tonga,2022.0,,,,,,TON,202604.0,77008.0,38331.0,189.59,72.06,2014.0,,,,,,
Tonga,2023.0,,,,,,TON,203208.0,77360.0,38506.0,190.15,72.39,12.0,,,,,,
Trinidad and Tobago,2021.0,,,,,,TTO,1408384.0,668717.0,76184.0,91.99,43.68,17908.0,,,,,,
Trinidad and Tobago,2022.0,,,,,,TTO,1580898.0,716898.0,168619.0,103.26,46.82,3661.0,,,,,,
Tunisia,2013.0,1.0,MERS,3.0,1.0,33.0,,,,,,,,,,,,,
Tunisia,2021.0,,,,,,TUN,12156566.0,5921997.0,856236.0,98.39,47.93,167388.0,,,,,,
Tunisia,2022.0,,,,,,TUN,13172572.0,6392574.0,1254078.0,106.61,51.74,60481.0,,,,,,
Tunisia,2023.0,,,,,,TUN,13253317.0,6401841.0,1258577.0,107.26,51.81,4904.0,,,,,,
Turkey,2006.0,1.0,H5N1 Avian Influenza,12.0,4.0,33.3,,,,,,,,,,,,,
Turkey,2009.0,1.0,H1N1 Influenza Pandemic,12316.0,656.0,5.33,,,,,,,,,,,,,
Turkey,2014.0,1.0,MERS,1.0,0.0,0.0,,,,,,,,,,,,,
Turkey,2020.0,1.0,COVID-19,2194000.0,20400.0,0.9,,,,,,,,,,,,,
Turkey,2021.0,,,,,,TUR,131646005.0,51604894.0,23126843.0,154.26,60.47,1264431.0,,,,,,
Turkey,2022.0,,,,,,TUR,152543341.0,53176961.0,41425329.0,178.75,62.31,581065.0,,,,,,
Turkmenistan,2021.0,,,,,,TKM,51746.0,19506.0,,0.8,0.3,19106.0,,,,,,
Turkmenistan,2022.0,,,,,,TKM,8286809.0,2920000.0,434817.0,128.86,45.41,75456.0,,,,,,
Turkmenistan,2023.0,,,,,,TKM,16775970.0,4568901.0,3816400.0,260.87,71.05,75456.0,,,,,,
Turks and Caicos Islands,2021.0,,,,,,TCA,56343.0,27133.0,,123.22,59.34,517.0,,,,,,
Turks and Caicos Islands,2022.0,,,,,,TCA,72837.0,30288.0,7272.0,159.29,66.24,122.0,,,,,,
Turks and Caicos Islands,2023.0,,,,,,TCA,73907.0,30710.0,7443.0,161.63,67.16,7.0,,,,,,
Tuvalu,2021.0,,,,,,TUV,12114.0,5884.0,,106.87,51.91,240.0,,,,,,
Tuvalu,2022.0,,,,,,TUV,25591.0,9322.0,5528.0,225.77,82.24,220.0,,,,,,
Tuvalu,2023.0,,,,,,TUV,26783.0,9505.0,5745.0,236.29,83.86,8.0,,,,,,
UAE,2013.0,1.0,MERS,94.0,12.0,13.0,,,,,,,,,,,,,
Uganda,2000.0,1.0,Ebola Virus Disease (Sudan),425.0,224.0,53.0,,,,,,,,,,,,,
Uganda,2007.0,1.0,Ebola Virus Disease (Bundibugyo),149.0,37.0,25.0,,,,,,,,,,,,,
Uganda,2012.0,2.0,"Ebola Virus Disease (Sudan),Marburg Virus Disease",54.0,36.0,66.5,,,,,,,,,,,,,
Uganda,2021.0,,,,,,UGA,9763030.0,1408222.0,,20.66,2.98,177260.0,,,,,,
Uganda,2022.0,,,,,,UGA,26299538.0,12961901.0,453508.0,55.66,27.43,294514.0,,,,,,
Uganda,2023.0,,,,,,UGA,26406936.0,13061126.0,764664.0,55.89,27.64,1918.0,,,,,,
Uganda,2025.0,,,,,,,,,,,,,1.0,Sudan virus disease,0.0,0.0,41.0,1.0
Ukraine,2017.0,1.0,Measles,115000.0,41.0,0.04,,,,,,,,,,,,,
Ukraine,2020.0,1.0,COVID-19,1069000.0,18700.0,1.7,,,,,,,,,,,,,
Ukraine,2021.0,,,,,,UKR,28457565.0,13755421.0,9515.0,71.68,34.65,255007.0,,,,,,
Ukraine,2022.0,,,,,,UKR,31668577.0,15153577.0,741197.0,79.77,38.17,78862.0,,,,,,
Ukraine,2023.0,,,,,,UKR,35735488.0,15741036.0,3294979.0,90.01,39.65,6125.0,,,,,,
United Arab Emirates,2021.0,,,,,,ARE,22406584.0,9059559.0,3456677.0,237.33,95.96,155312.0,,,,,,
United Arab Emirates,2022.0,,,,,,ARE,24922054.0,9792266.0,5138699.0,263.97,103.72,37737.0,,,,,,
United Kingdom,2003.0,1.0,SARS,4.0,0.0,0.0,,,,,,,,,,,,,
United Kingdom,2009.0,1.0,H1N1 Influenza Pandemic,28456.0,474.0,1.66,,,,,,,,,,,,,
United Kingdom,2012.0,1.0,MERS,5.0,3.0,60.0,,,,,,,,,,,,,
United Kingdom,2014.0,1.0,Ebola Virus Disease,1.0,0.0,0.0,,,,,,,,,,,,,
United Kingdom,2020.0,1.0,COVID-19,2496000.0,74100.0,3.0,,,,,,,,,,,,,
United Kingdom,2021.0,,,,,,GBR,133312817.0,47434251.0,34091798.0,197.47,70.26,970350.0,,,,,,
United Kingdom,2022.0,,,,,,GBR,151248820.0,50762968.0,40373987.0,224.04,75.19,292772.0,,,,,,
United States,2003.0,1.0,SARS,27.0,0.0,0.0,,,,,,,,,,,,,
United States,2009.0,1.0,H1N1 Influenza Pandemic,113690.0,3433.0,0.02,,,,,,,,,,,,,
United States,2014.0,2.0,"MERS,Ebola Virus Disease",6.0,1.0,12.5,,,,,,,,,,,,,
United States,2020.0,1.0,COVID-19,20100000.0,346000.0,1.7,USA,5716312.0,47241.0,,1.72,0.01,407933.0,,,,,,
United States,2021.0,,,,,,USA,521797692.0,210360591.0,77816104.0,157.16,63.36,3508126.0,,,,,,
United States,2022.0,,,,,,USA,666952241.0,229580638.0,133062763.0,200.88,69.15,1263819.0,,,,,,
United States,2023.0,,,,,,USA,676728782.0,230637348.0,,203.83,69.47,193697.0,,,,,,
Update 3,2021.0,,,,,,,,,,,,,0.0,Cholera in Iraq,0.0,0.0,,0.0
Upper middle income,2020.0,,,,,,OWID_UMC,4625064.0,7.0,1.0,0.18,0.0,282813.0,,,,,,
Upper middle income,2021.0,,,,,,OWID_UMC,4204374861.0,1805301210.0,214678706.0,166.45,71.47,27328266.0,,,,,,
Upper middle income,2022.0,,,,,,OWID_UMC,5376533836.0,1982736296.0,1234744411.0,212.85,78.5,14976138.0,,,,,,
Upper middle income,2023.0,,,,,,OWID_UMC,5449333877.0,1990631025.0,1265701862.0,215.74,78.81,1437627.0,,,,,,
Upper middle income,2024.0,,,,,,OWID_UMC,5449980941.0,1990653301.0,1265984687.0,215.76,78.81,19048.0,,,,,,
Uruguay,2021.0,,,,,,URY,6988225.0,2684624.0,1538945.0,204.17,78.43,49542.0,,,,,,
Uruguay,2022.0,,,,,,URY,8785446.0,2902231.0,2872790.0,256.67,84.79,22107.0,,,,,,
Uruguay,2023.0,,,,,,URY,9036273.0,2903089.0,3122733.0,264.0,84.82,26479.0,,,,,,
Uzbekistan,2021.0,,,,,,UZB,39036802.0,11102403.0,,112.73,32.06,426314.0,,,,,,
Uzbekistan,2022.0,,,,,,UZB,71888007.0,17707137.0,14721017.0,207.6,51.14,172002.0,,,,,,
Uzbekistan,2023.0,,,,,,UZB,83937954.0,18451781.0,16413048.0,242.4,53.29,66469.0,,,,,,
Vanuatu,2021.0,,,,,,VUT,152711.0,50403.0,,46.74,15.43,1977.0,,,,,,
Vanuatu,2022.0,,,,,,VUT,293584.0,131697.0,16996.0,89.85,40.31,8843.0,,,,,,
Vanuatu,2023.0,,,,,,VUT,366638.0,162250.0,27697.0,112.21,49.66,696.0,,,,,,
Venezuela,2015.0,1.0,Zika Virus,65000.0,0.0,,,,,,,,,,,,,,
Venezuela,2021.0,,,,,,VEN,30049714.0,11608305.0,,106.18,41.02,466473.0,,,,,,
Venezuela,2022.0,,,,,,VEN,37860994.0,14966671.0,651502.0,133.78,52.88,229940.0,,,,,,
Vietnam,2003.0,2.0,"SARS,H5N1 Avian Influenza",190.0,69.0,29.15,,,,,,,,,,,,,
Vietnam,2017.0,1.0,Dengue,183000.0,32.0,0.02,,,,,,,,,,,,,
Vietnam,2019.0,1.0,Dengue,320000.0,50.0,0.02,,,,,,,,,,,,,
Vietnam,2021.0,,,,,,VNM,150935915.0,68435813.0,,153.72,69.7,1675471.0,,,,,,
Vietnam,2022.0,,,,,,VNM,265336568.0,85705657.0,57435666.0,270.24,87.29,1147290.0,,,,,,
Vietnam,2023.0,,,,,,VNM,266492149.0,85961564.0,57975220.0,271.41,87.55,18781.0,,,,,,
Wales,2021.0,,,,,,OWID_WLS,6483034.0,2303258.0,1689185.0,204.51,72.66,61187.0,,,,,,
Wales,2022.0,,,,,,OWID_WLS,8571119.0,2471750.0,4001039.0,270.38,77.97,25260.0,,,,,,
Wales,2023.0,,,,,,OWID_WLS,8932482.0,2477109.0,4064651.0,281.78,78.14,5737.0,,,,,,
Wallis and Futuna,2021.0,,,,,,WLF,11939.0,5923.0,,102.96,51.08,343.0,,,,,,
Wallis and Futuna,2022.0,,,,,,WLF,17959.0,6794.0,3742.0,154.87,58.59,432.0,,,,,,
Wallis and Futuna,2023.0,,,,,,WLF,18058.0,6803.0,3766.0,155.73,58.67,1.0,,,,,,
West Africa,2014.0,,,,,,,,,,,,,0.0,Ebola virus disease update,0.0,45.0,,0.0
West Africa (Nigeria/Niger),2009.0,1.0,Meningococcal Meningitis,80000.0,5000.0,6.3,,,,,,,,,,,,,
World,2020.0,,,,,,OWID_WRL,11879999.0,47384.0,1.0,0.15,0.0,895090.0,,,,,,
World,2021.0,,,,,,OWID_WRL,9178232402.0,3879378976.0,536090135.0,115.09,48.64,43691814.0,,,,,,
World,2022.0,,,,,,OWID_WRL,13168449905.0,5044053377.0,2672754566.0,165.12,63.25,35151831.0,,,,,,
World,2023.0,,,,,,OWID_WRL,13575762689.0,5177907088.0,2814761711.0,170.23,64.93,4456190.0,,,,,,
World,2024.0,,,,,,OWID_WRL,13578774356.0,5177942957.0,2817381093.0,170.26,64.93,39220.0,,,,,,
Yemen,2000.0,1.0,Rift Valley Fever,1087.0,121.0,11.0,,,,,,,,,,,,,
Yemen,2016.0,1.0,Cholera,2510806.0,3981.0,0.16,,,,,,,,,,,,,
Yemen,2021.0,,,,,,YEM,547019.0,215241.0,,1.62,0.64,10240.0,,,,,,
Yemen,2022.0,,,,,,YEM,1238962.0,757050.0,59240.0,3.68,2.25,5969.0,,,,,,
Yemen,2023.0,,,,,,YEM,1298654.0,807057.0,68925.0,3.85,2.4,1077.0,,,,,,
Zambia,2017.0,1.0,Cholera,5905.0,116.0,2.0,,,,,,,,,,,,,
Zambia,2021.0,,,,,,ZMB,1730165.0,1217415.0,,8.64,6.08,28490.0,,,,,,
Zambia,2022.0,,,,,,ZMB,12583850.0,8555745.0,33684.0,62.86,42.74,180289.0,,,,,,
Zambia,2023.0,,,,,,ZMB,13454213.0,9213802.0,,67.21,46.03,9737.0,,,,,,
Zimbabwe,2008.0,1.0,Cholera,98585.0,4287.0,4.3,,,,,,,,,,,,,
Zimbabwe,2018.0,1.0,Cholera,10730.0,69.0,0.64,,,,,,,,,,,,,
Zimbabwe,2021.0,,,,,,ZWE,7264791.0,3135168.0,5245.0,44.51,19.21,75000.0,,,,,,
Zimbabwe,2022.0,,,,,,ZWE,12222754.0,4751270.0,1033676.0,74.89,29.11,121347.0,,,,,,
country outbreak Update 37,2021.0,,,,,,,,,,,,,0.0,Severe Acute Respiratory Syndrome (SARS) Multi,0.0,0.0,,0.0
derived poliovirus type 2 - Democratic Republic of the Congo,2019.0,,,,,,,,,,,,,1.0,Circulating vaccine,0.0,0.0,,0.0
situation in China – update 51,2005.0,,,,,,,,,,,,,0.0,Avian influenza,0.0,0.0,,0.0
situation in China – update 7,2006.0,,,,,,,,,,,,,0.0,Avian influenza,0.0,0.0,,0.0
situation in Egypt,2006.0,,,,,,,,,,,,,0.0,Avian influenza,0.0,0.0,,0.0
situation in Egypt - update 4,2007.0,,,,,,,,,,,,,0.0,Avian influenza,0.0,0.0,,0.0
situation in Egypt - update 4,2009.0,,,,,,,,,,,,,0.0,Avian influenza,0.0,0.0,,0.0
situation in Indonesia,2010.0,,,,,,,,,,,,,0.0,Avian influenza,0.0,0.0,,0.0
situation in Indonesia – update,2012.0,,,,,,,,,,,,,0.0,Avian influenza,0.0,0.0,,0.0
situation in Indonesia – update 7,2007.0,,,,,,,,,,,,,0.0,Avian influenza,0.0,0.0,,0.0
update,2012.0,,,,,,,,,,,,,0.0,Ebola outbreak in Democratic Republic of Congo,52.0,0.0,,0.0
update,2013.0,,,,,,,,,,,,,0.0,"Human infection with avian influenza A(H7N9) virus,Polio in the Syrian Arab Republic",17.0,0.0,,0.0
update,2014.0,,,,,,,,,,,,,0.0,Human infection with avian influenza A(H7N9) virus,0.0,0.0,,0.0
update 16: Situation in Viet Nam,2004.0,,,,,,,,,,,,,0.0,Avian influenza A(H5N1),0.0,0.0,,0.0
update 3,2004.0,,,,,,,,,,,,,0.0,China reports additional SARS case,0.0,0.0,,0.0
update 4,2004.0,,,,,,,,,,,,,0.0,China confirms SARS infection in two previously reported cases,0.0,0.0,,0.0
update 55,2021.0,,,,,,,,,,,,,0.0,Influenza A(H1N1),0.0,0.0,,0.0
